source_zip,source_csv,source_row_index,movie_name,movie_idx,conversation_id,utterance_id,timestamp,speaker_id,speaker_name,reply_to,listener_id,listener_name,text,movie,line_number,en,pred_translation_error_possible,pred_risk_category_count,pred_risk_categories,pred_risk_confidence_summary,pred_risk_cues,_any_risk,_clean,_risk_idiomatic,_risk_pragmatic,_risk_social,_risk_register,_risk_constraint,_risk_fragmentation,_risk_terminology,_risk_ambiguity
titanic.zip,dialogue_metadata_with_listener.csv,0,titanic,m574,L614356,L614357,,u8460,LOVETT,L614356,u8447,BODINE,Stay off the floor. Don't stir it up like you did yesterday.,titanic,1,Stay off the floor. Don't stir it up like you did yesterday.,1,1,social,social:medium,_cue_social_addressed_command,True,False,False,False,True,False,False,False,False,False
titanic.zip,dialogue_metadata_with_listener.csv,1,titanic,m574,L614356,L614358,,u8447,BODINE,L614357,u8460,LOVETT,I'm tryin' boss.,titanic,2,I'm tryin' boss.,1,1,ambiguity,ambiguity:medium,_cue_ambiguity_fragment,True,False,False,False,False,False,False,False,False,True
titanic.zip,dialogue_metadata_with_listener.csv,2,titanic,m574,L614364,L614365,,u8460,LOVETT,L614364,u8447,BODINE,"You are, Lewis.  You rolling?",titanic,3,"You are, Lewis.  You rolling?",0,0,,,,False,True,False,False,False,False,False,False,False,False
titanic.zip,dialogue_metadata_with_listener.csv,3,titanic,m574,L614368,L614369,,u8447,BODINE,L614368,u8460,LOVETT,"You know, boss, this happened to Geraldo and his career never recovered.",titanic,4,"You know, boss, this happened to Geraldo and his career never recovered.",1,1,pragmatic,,cat2_discourse_markers,True,False,False,True,False,False,False,False,False,False
titanic.zip,dialogue_metadata_with_listener.csv,4,titanic,m574,L614368,L614370,,u8460,LOVETT,L614369,u8447,BODINE,Get that outta my face.,titanic,5,Get that outta my face.,0,0,,,,False,True,False,False,False,False,False,False,False,False
titanic.zip,dialogue_metadata_with_listener.csv,5,titanic,m574,L614372,L614373,,u8460,LOVETT,L614372,u8449,BUELL,"How it's going? It's going like a first date in prison, whattaya think?!",titanic,6,"How it's going? It's going like a first date in prison, whattaya think?!",0,0,,,,False,True,False,False,False,False,False,False,False,False
titanic.zip,dialogue_metadata_with_listener.csv,6,titanic,m574,L614386,L614387,,u8460,LOVETT,L614386,u8449,BUELL,"Bobby, we're launching. See these submersibles here, going in the water? Take a message.",titanic,7,"Bobby, we're launching. See these submersibles here, going in the water? Take a message.",1,2,constraint|terminology,constraint:medium|terminology:medium,_cue_constraint_longish|_cue_constraint_terminology_heavy|_cue_terminology_domain_combo,True,False,False,False,False,False,True,False,True,False
titanic.zip,dialogue_metadata_with_listener.csv,7,titanic,m574,L614386,L614388,,u8449,BUELL,L614387,u8460,LOVETT,"No, trust me, you want to take this call.",titanic,8,"No, trust me, you want to take this call.",0,0,,,,False,True,False,False,False,False,False,False,False,False
titanic.zip,dialogue_metadata_with_listener.csv,8,titanic,m574,L614389,L614390,,u8449,BUELL,L614389,u8460,LOVETT,Rose Calvert.,titanic,9,Rose Calvert.,1,1,ambiguity,ambiguity:medium,_cue_ambiguity_fragment,True,False,False,False,False,False,False,False,False,True
titanic.zip,dialogue_metadata_with_listener.csv,9,titanic,m574,L614389,L614391,,u8460,LOVETT,L614390,u8449,BUELL,...Mrs. Calvert?,titanic,10,...Mrs. Calvert?,1,1,fragmentation,,cat6_ellipsis_marker,True,False,False,False,False,False,False,True,False,False
titanic.zip,dialogue_metadata_with_listener.csv,10,titanic,m574,L614393,L614394,,u8460,LOVETT,L614393,u8449,BUELL,"Alright. You have my attention, Rose. Can you tell me who the woman in the picture is?",titanic,11,"Alright. You have my attention, Rose. Can you tell me who the woman in the picture is?",0,0,,,,False,True,False,False,False,False,False,False,False,False
titanic.zip,dialogue_metadata_with_listener.csv,11,titanic,m574,L614398,L614399,,u8460,LOVETT,L614398,u8447,BODINE,A hundred and one next month.,titanic,12,A hundred and one next month.,0,0,,,,False,True,False,False,False,False,False,False,False,False
titanic.zip,dialogue_metadata_with_listener.csv,12,titanic,m574,L614398,L614400,,u8447,BODINE,L614399,u8460,LOVETT,"Okay, so she's a very old goddamned liar. I traced her as far back as the 20's... she was working as an actress in L.A. An actress. Her name was Rose Dawson. Then she married a guy named Calvert, moved to Cedar Rapids, had two kids. Now Calvert's dead, and from what I've heard Cedar Rapids is dead.",titanic,13,"Okay, so she's a very old goddamned liar. I traced her as far back as the 20's... she was working as an actress in L.A. An actress. Her name was Rose Dawson. Then she married a guy named Calvert, moved to Cedar Rapids, had two kids. Now Calvert's dead, and from what I've heard Cedar Rapids is dead.",1,3,pragmatic|constraint|terminology,constraint:high|terminology:high,cat2_discourse_markers|_cue_constraint_longish|_cue_constraint_very_long|_cue_constraint_terminology_heavy|_cue_constraint_fragmented|_cue_terminology_rare_strong|_cue_terminology_entity_combo|_cue_terminology_domain_combo|_cue_terminology_multi_cap,True,False,False,True,False,False,True,False,True,False
titanic.zip,dialogue_metadata_with_listener.csv,13,titanic,m574,L614403,L614404,,u8462,ROSE,L614403,u8460,LOVETT,"Yes. Very nice. Have you met my granddaughter, Lizzy? She takes care of me.",titanic,14,"Yes. Very nice. Have you met my granddaughter, Lizzy? She takes care of me.",1,3,idiomatic|constraint|terminology,constraint:medium|terminology:medium,cat1_pv_opaque=take care of|_cue_constraint_longish|_cue_constraint_terminology_heavy|_cue_terminology_domain_combo,True,False,True,False,False,False,True,False,True,False
titanic.zip,dialogue_metadata_with_listener.csv,14,titanic,m574,L614407,L614408,,u8460,LOVETT,L614407,u8462,ROSE,Would you like anything?,titanic,15,Would you like anything?,1,1,social,social:medium,_cue_social_request_form,True,False,False,False,True,False,False,False,False,False
titanic.zip,dialogue_metadata_with_listener.csv,15,titanic,m574,L614407,L614409,,u8462,ROSE,L614408,u8460,LOVETT,I should like to see my drawing.,titanic,16,I should like to see my drawing.,0,0,,,,False,True,False,False,False,False,False,False,False,False
titanic.zip,dialogue_metadata_with_listener.csv,16,titanic,m574,L614410,L614411,,u8462,ROSE,L614410,u8460,LOVETT,"It was a dreadful, heavy thing.  I only wore it this once.",titanic,17,"It was a dreadful, heavy thing.  I only wore it this once.",0,0,,,,False,True,False,False,False,False,False,False,False,False
titanic.zip,dialogue_metadata_with_listener.csv,17,titanic,m574,L614414,L614415,,u8462,ROSE,L614414,u8460,LOVETT,"Someone named Hockley, I should imagine.",titanic,18,"Someone named Hockley, I should imagine.",0,0,,,,False,True,False,False,False,False,False,False,False,False
titanic.zip,dialogue_metadata_with_listener.csv,18,titanic,m574,L614414,L614416,,u8460,LOVETT,L614415,u8462,ROSE,"Nathan Hockley, right. Pittsburgh steel tycoon. For a diamond necklace his son Caledon Hockley bought in France for his fiancee... you... a week before he sailed on Titanic. And the claim was filed right after the sinking. So the diamond had to've gone down with the ship.  See the date?",titanic,19,"Nathan Hockley, right. Pittsburgh steel tycoon. For a diamond necklace his son Caledon Hockley bought in France for his fiancee... you... a week before he sailed on Titanic. And the claim was filed right after the sinking. So the diamond had to've gone down with the ship.  See the date?",1,2,constraint|terminology,constraint:high|terminology:high,_cue_constraint_longish|_cue_constraint_very_long|_cue_constraint_terminology_heavy|_cue_constraint_fragmented|_cue_terminology_rare_strong|_cue_terminology_entity_combo|_cue_terminology_domain_combo|_cue_terminology_multi_cap,True,False,False,False,False,False,True,False,True,False
titanic.zip,dialogue_metadata_with_listener.csv,19,titanic,m574,L614417,L614418,,u8460,LOVETT,L614417,u8458,LIZZY,"If your grandma is who she says she is, she was wearing the diamond the day Titanic sank.  And that makes you my new best friend. I will happily compensate you for anything you can tell us that will lead to its recovery.",titanic,20,"If your grandma is who she says she is, she was wearing the diamond the day Titanic sank.  And that makes you my new best friend. I will happily compensate you for anything you can tell us that will lead to its recovery.",1,2,constraint|terminology,constraint:high|terminology:high,_cue_constraint_longish|_cue_constraint_very_long|_cue_constraint_terminology_heavy|_cue_terminology_rare_strong|_cue_terminology_domain_combo,True,False,False,False,False,False,True,False,True,False
titanic.zip,dialogue_metadata_with_listener.csv,20,titanic,m574,L614429,L614430,,u8460,LOVETT,L614429,u8447,BODINE,"Rose might not want to see this, Lewis.",titanic,21,"Rose might not want to see this, Lewis.",0,0,,,,False,True,False,False,False,False,False,False,False,False
titanic.zip,dialogue_metadata_with_listener.csv,21,titanic,m574,L614441,L614442,,u8460,LOVETT,L614441,u8462,ROSE,Just tell us what you can --,titanic,22,Just tell us what you can --,1,2,social|ambiguity,social:medium|ambiguity:medium,_cue_social_addressed_command|_cue_ambiguity_fragment|_cue_ambiguity_modal,True,False,False,False,True,False,False,False,False,True
titanic.zip,dialogue_metadata_with_listener.csv,22,titanic,m574,L614441,L614443,,u8462,ROSE,L614442,u8460,LOVETT,It's been 84 years... and I can still smell the fresh paint. The china had never been used. The sheets had never been slept in.,titanic,23,It's been 84 years... and I can still smell the fresh paint. The china had never been used. The sheets had never been slept in.,1,1,constraint,constraint:high,_cue_constraint_longish|_cue_constraint_very_long|_cue_constraint_terminology_heavy|_cue_constraint_fragmented,True,False,False,False,False,False,True,False,False,False
titanic.zip,dialogue_metadata_with_listener.csv,23,titanic,m574,L614447,L614448,,u8463,RUTH,L614447,u8450,CAL,So this is the ship they say is unsinkable.,titanic,24,So this is the ship they say is unsinkable.,1,1,pragmatic,,cat2_discourse_markers,True,False,False,True,False,False,False,False,False,False
titanic.zip,dialogue_metadata_with_listener.csv,24,titanic,m574,L614447,L614449,,u8450,CAL,L614448,u8463,RUTH,It is unsinkable. God himself couldn't sink this ship.,titanic,25,It is unsinkable. God himself couldn't sink this ship.,0,0,,,,False,True,False,False,False,False,False,False,False,False
titanic.zip,dialogue_metadata_with_listener.csv,25,titanic,m574,L614458,L614459,,u8463,RUTH,L614458,u8450,CAL,"Honestly, Cal, if you weren't forever booking everything at the last instant, we could have gone through the terminal instead of running along the dock like some squalid immigrant family.",titanic,26,"Honestly, Cal, if you weren't forever booking everything at the last instant, we could have gone through the terminal instead of running along the dock like some squalid immigrant family.",1,4,idiomatic|pragmatic|constraint|terminology,constraint:high|terminology:high,cat1_pv_opaque=go through|cat2_discourse_markers|_cue_constraint_longish|_cue_constraint_very_long|_cue_constraint_terminology_heavy|_cue_terminology_rare_strong|_cue_terminology_domain_combo,True,False,True,True,False,False,True,False,True,False
titanic.zip,dialogue_metadata_with_listener.csv,26,titanic,m574,L614458,L614460,,u8450,CAL,L614459,u8463,RUTH,"All part of my charm, Ruth. At any rate, it was my darling fiancee's beauty rituals which made us late.",titanic,27,"All part of my charm, Ruth. At any rate, it was my darling fiancee's beauty rituals which made us late.",1,2,constraint|terminology,constraint:high|terminology:medium,_cue_constraint_longish|_cue_constraint_very_long|_cue_constraint_terminology_heavy|_cue_terminology_domain_combo,True,False,False,False,False,False,True,False,True,False
titanic.zip,dialogue_metadata_with_listener.csv,27,titanic,m574,L614461,L614462,,u8450,CAL,L614461,u8462,ROSE,"I couldn't let you wear black on sailing day, sweetpea. It's bad luck.",titanic,28,"I couldn't let you wear black on sailing day, sweetpea. It's bad luck.",0,0,,,,False,True,False,False,False,False,False,False,False,False
titanic.zip,dialogue_metadata_with_listener.csv,28,titanic,m574,L614461,L614463,,u8462,ROSE,L614462,u8450,CAL,I felt like black.,titanic,29,I felt like black.,0,0,,,,False,True,False,False,False,False,False,False,False,False
titanic.zip,dialogue_metadata_with_listener.csv,29,titanic,m574,L614471,L614472,,u8451,FABRIZIO,L614471,u8455,JACK,What sorry? What you got? You lose my money?? Ma va fa'n culo testa di cazzo --,titanic,30,What sorry? What you got? You lose my money?? Ma va fa'n culo testa di cazzo --,1,2,constraint|terminology,constraint:high|terminology:high,_cue_constraint_longish|_cue_constraint_terminology_heavy|_cue_constraint_fragmented|_cue_terminology_rare_strong|_cue_terminology_entity_combo|_cue_terminology_domain_combo,True,False,False,False,False,False,True,False,True,False
titanic.zip,dialogue_metadata_with_listener.csv,30,titanic,m574,L614471,L614473,,u8455,JACK,L614472,u8451,FABRIZIO,"Sorry, you're not gonna see your mama again for a long time...",titanic,31,"Sorry, you're not gonna see your mama again for a long time...",1,1,register,register:medium,_cue_register_colloquial_strong,True,False,False,False,False,True,False,False,False,False
titanic.zip,dialogue_metadata_with_listener.csv,31,titanic,m574,L614474,L614475,,u8451,FABRIZIO,L614474,u8455,JACK,Porca Madonna!! YEEAAAAA!!!,titanic,32,Porca Madonna!! YEEAAAAA!!!,1,2,terminology|ambiguity,terminology:high|ambiguity:medium,_cue_terminology_rare_strong|_cue_terminology_entity_combo|_cue_terminology_domain_combo|_cue_terminology_multi_cap|_cue_terminology_acronym|_cue_ambiguity_fragment,True,False,False,False,False,False,False,False,True,True
titanic.zip,dialogue_metadata_with_listener.csv,32,titanic,m574,L614478,L614479,,u8451,FABRIZIO,L614478,u8455,JACK,You see? Is my destinio!! Like I told you. I go to l'America!! To be a millionaire!!  Capito?? I go to America!!,titanic,33,You see? Is my destinio!! Like I told you. I go to l'America!! To be a millionaire!!  Capito?? I go to America!!,1,2,constraint|terminology,constraint:high|terminology:high,_cue_constraint_longish|_cue_constraint_very_long|_cue_constraint_terminology_heavy|_cue_terminology_rare_strong|_cue_terminology_entity_combo|_cue_terminology_domain_combo,True,False,False,False,False,False,True,False,True,False
titanic.zip,dialogue_metadata_with_listener.csv,33,titanic,m574,L614490,L614491,,u8455,JACK,L614490,u8451,FABRIZIO,Of course not. That's not the point.  Goodbye! Goodbye!! I'll miss you!,titanic,34,Of course not. That's not the point.  Goodbye! Goodbye!! I'll miss you!,0,0,,,,False,True,False,False,False,False,False,False,False,False
titanic.zip,dialogue_metadata_with_listener.csv,34,titanic,m574,L614494,L614495,,u8462,ROSE,L614494,u8450,CAL,You're wrong. They're fascinating. Like in a dream... there's truth without logic. What's his name again...?  Picasso.,titanic,35,You're wrong. They're fascinating. Like in a dream... there's truth without logic. What's his name again...?  Picasso.,1,2,social|constraint,social:medium|constraint:high,_cue_social_addressed_command|_cue_constraint_longish|_cue_constraint_very_long|_cue_constraint_fragmented,True,False,False,False,True,False,True,False,False,False
titanic.zip,dialogue_metadata_with_listener.csv,35,titanic,m574,L614494,L614496,,u8450,CAL,L614495,u8462,ROSE,"He'll never amount to a thing, trust me. At least they were cheap.",titanic,36,"He'll never amount to a thing, trust me. At least they were cheap.",0,0,,,,False,True,False,False,False,False,False,False,False,False
titanic.zip,dialogue_metadata_with_listener.csv,36,titanic,m574,L614514,L614515,,u8450,CAL,L614514,u8463,RUTH,She knows.,titanic,37,She knows.,1,1,ambiguity,ambiguity:medium,_cue_ambiguity_pronoun_heavy,True,False,False,False,False,False,False,False,False,True
titanic.zip,dialogue_metadata_with_listener.csv,37,titanic,m574,L614520,L614521,,u8462,ROSE,L614520,u8463,RUTH,Excuse me.,titanic,38,Excuse me.,1,1,ambiguity,ambiguity:high,_cue_ambiguity_pronoun_heavy|_cue_ambiguity_fragment,True,False,False,False,False,False,False,False,False,True
titanic.zip,dialogue_metadata_with_listener.csv,38,titanic,m574,L614532,L614533,,u8462,ROSE,L614532,u8455,JACK,No! Stay where you are. I mean it. I'll let go.,titanic,39,No! Stay where you are. I mean it. I'll let go.,1,3,pragmatic|social|ambiguity,social:medium|ambiguity:medium,cat2_discourse_markers|_cue_social_addressed_command|_cue_ambiguity_pronoun_heavy,True,False,False,True,True,False,False,False,False,True
titanic.zip,dialogue_metadata_with_listener.csv,39,titanic,m574,L614532,L614534,,u8455,JACK,L614533,u8462,ROSE,No you won't.,titanic,40,No you won't.,0,0,,,,False,True,False,False,False,False,False,False,False,False
titanic.zip,dialogue_metadata_with_listener.csv,40,titanic,m574,L614532,L614535,,u8462,ROSE,L614534,u8455,JACK,What do you mean no I won't? Don't presume to tell me what I will and will not do. You don't know me.,titanic,41,What do you mean no I won't? Don't presume to tell me what I will and will not do. You don't know me.,1,3,social|constraint|ambiguity,social:medium|constraint:medium|ambiguity:medium,_cue_social_addressed_command|_cue_constraint_longish|_cue_constraint_very_long|_cue_ambiguity_pronoun_heavy,True,False,False,False,True,False,True,False,False,True
titanic.zip,dialogue_metadata_with_listener.csv,41,titanic,m574,L614532,L614536,,u8455,JACK,L614535,u8462,ROSE,"You would have done it already. Now come on, take my hand.",titanic,42,"You would have done it already. Now come on, take my hand.",0,0,,,,False,True,False,False,False,False,False,False,False,False
titanic.zip,dialogue_metadata_with_listener.csv,42,titanic,m574,L614537,L614538,,u8455,JACK,L614537,u8462,ROSE,I can't. I'm involved now. If you let go I have to jump in after you.,titanic,43,I can't. I'm involved now. If you let go I have to jump in after you.,0,0,,,,False,True,False,False,False,False,False,False,False,False
titanic.zip,dialogue_metadata_with_listener.csv,43,titanic,m574,L614537,L614539,,u8462,ROSE,L614538,u8455,JACK,Don't be absurd. You'll be killed.,titanic,44,Don't be absurd. You'll be killed.,0,0,,,,False,True,False,False,False,False,False,False,False,False
titanic.zip,dialogue_metadata_with_listener.csv,44,titanic,m574,L614541,L614542,,u8455,JACK,L614541,u8462,ROSE,It would hurt. I'm not saying it wouldn't. To be honest I'm a lot more concerned about the water being so cold.,titanic,45,It would hurt. I'm not saying it wouldn't. To be honest I'm a lot more concerned about the water being so cold.,1,1,constraint,constraint:medium,_cue_constraint_longish|_cue_constraint_very_long,True,False,False,False,False,False,True,False,False,False
titanic.zip,dialogue_metadata_with_listener.csv,45,titanic,m574,L614543,L614544,,u8455,JACK,L614543,u8462,ROSE,Freezing. Maybe a couple degrees over.,titanic,46,Freezing. Maybe a couple degrees over.,0,0,,,,False,True,False,False,False,False,False,False,False,False
titanic.zip,dialogue_metadata_with_listener.csv,46,titanic,m574,L614545,L614546,,u8462,ROSE,L614545,u8455,JACK,No.,titanic,47,No.,0,0,,,,False,True,False,False,False,False,False,False,False,False
titanic.zip,dialogue_metadata_with_listener.csv,47,titanic,m574,L614545,L614547,,u8455,JACK,L614546,u8462,ROSE,"Well they have some of the coldest winters around, and I grew up there, near Chippewa Falls. Once when I was a kid me and my father were ice- fishing out on Lake Wissota... ice- fishing's where you chop a hole in the --",titanic,48,"Well they have some of the coldest winters around, and I grew up there, near Chippewa Falls. Once when I was a kid me and my father were ice- fishing out on Lake Wissota... ice- fishing's where you chop a hole in the --",1,3,pragmatic|constraint|terminology,constraint:high|terminology:high,cat2_discourse_markers|_cue_constraint_longish|_cue_constraint_very_long|_cue_constraint_terminology_heavy|_cue_constraint_fragmented|_cue_terminology_rare_strong|_cue_terminology_entity_combo|_cue_terminology_domain_combo|_cue_terminology_multi_cap,True,False,False,True,False,False,True,False,True,False
titanic.zip,dialogue_metadata_with_listener.csv,48,titanic,m574,L614545,L614548,,u8462,ROSE,L614547,u8455,JACK,I know what ice fishing is!,titanic,49,I know what ice fishing is!,0,0,,,,False,True,False,False,False,False,False,False,False,False
titanic.zip,dialogue_metadata_with_listener.csv,49,titanic,m574,L614545,L614549,,u8455,JACK,L614548,u8462,ROSE,"Sorry. Just... you look like kind of an indoor girl. Anyway, I went through some thin ice and I'm tellin' ya, water that cold... like that right down there... it hits you like a thousand knives all over your body. You can't breath, you can't think... least not about anything but the pain.  Which is why I'm not looking forward to jumping in after you. But like I said, I don't see a choice. I guess I'm kinda hoping you'll come back over the rail and get me off the hook here.",titanic,50,"Sorry. Just... you look like kind of an indoor girl. Anyway, I went through some thin ice and I'm tellin' ya, water that cold... like that right down there... it hits you like a thousand knives all over your body. You can't breath, you can't think... least not about anything but the pain.  Which is why I'm not looking forward to jumping in after you. But like I said, I don't see a choice. I guess I'm kinda hoping you'll come back over the rail and get me off the hook here.",1,4,idiomatic|register|constraint|terminology,register:medium|constraint:high|terminology:high,cat1_pv_opaque=go through|_cue_register_colloquial_strong|_cue_constraint_longish|_cue_constraint_very_long|_cue_constraint_terminology_heavy|_cue_constraint_fragmented|_cue_terminology_entity_combo|_cue_terminology_domain_combo,True,False,True,False,False,True,True,False,True,False
titanic.zip,dialogue_metadata_with_listener.csv,50,titanic,m574,L614545,L614550,,u8462,ROSE,L614549,u8455,JACK,You're crazy.,titanic,51,You're crazy.,0,0,,,,False,True,False,False,False,False,False,False,False,False
titanic.zip,dialogue_metadata_with_listener.csv,51,titanic,m574,L614545,L614551,,u8455,JACK,L614550,u8462,ROSE,"That's what everybody says. But with all due respect, I'm not the one hanging off the back of a ship.",titanic,52,"That's what everybody says. But with all due respect, I'm not the one hanging off the back of a ship.",1,1,constraint,constraint:medium,_cue_constraint_longish|_cue_constraint_very_long,True,False,False,False,False,False,True,False,False,False
titanic.zip,dialogue_metadata_with_listener.csv,52,titanic,m574,L614554,L614555,,u8462,ROSE,L614554,u8455,JACK,"Pleased to meet you, Mr. Dawson.",titanic,53,"Pleased to meet you, Mr. Dawson.",1,1,social,social:medium,_cue_social_request_form,True,False,False,False,True,False,False,False,False,False
titanic.zip,dialogue_metadata_with_listener.csv,53,titanic,m574,L614556,L614557,,u8455,JACK,L614556,u8462,ROSE,I've got you. I won't let go.,titanic,54,I've got you. I won't let go.,0,0,,,,False,True,False,False,False,False,False,False,False,False
titanic.zip,dialogue_metadata_with_listener.csv,54,titanic,m574,L614560,L614561,,u8462,ROSE,L614560,u8450,CAL,"Cal, stop! It was an accident.",titanic,55,"Cal, stop! It was an accident.",1,1,social,social:medium,_cue_social_addressed_command,True,False,False,False,True,False,False,False,False,False
titanic.zip,dialogue_metadata_with_listener.csv,55,titanic,m574,L614560,L614562,,u8450,CAL,L614561,u8462,ROSE,An accident?!,titanic,56,An accident?!,1,1,ambiguity,ambiguity:medium,_cue_ambiguity_fragment,True,False,False,False,False,False,False,False,False,True
titanic.zip,dialogue_metadata_with_listener.csv,56,titanic,m574,L614560,L614563,,u8462,ROSE,L614562,u8450,CAL,It was... stupid really. I was leaning over and I slipped.,titanic,57,It was... stupid really. I was leaning over and I slipped.,1,1,terminology,terminology:medium,_cue_terminology_domain_combo,True,False,False,False,False,False,False,False,True,False
titanic.zip,dialogue_metadata_with_listener.csv,57,titanic,m574,L614564,L614565,,u8450,CAL,L614564,u8462,ROSE,You wanted to see the propellers?,titanic,58,You wanted to see the propellers?,0,0,,,,False,True,False,False,False,False,False,False,False,False
titanic.zip,dialogue_metadata_with_listener.csv,58,titanic,m574,L614573,L614574,,u8450,CAL,L614573,u8462,ROSE,Rose is displeased. Mmm... what to do?,titanic,59,Rose is displeased. Mmm... what to do?,1,2,social|terminology,social:medium|terminology:medium,_cue_social_request_form|_cue_terminology_domain_combo,True,False,False,False,True,False,False,False,True,False
titanic.zip,dialogue_metadata_with_listener.csv,59,titanic,m574,L614575,L614576,,u8455,JACK,L614575,u8450,CAL,Sure. Count me in.,titanic,60,Sure. Count me in.,0,0,,,,False,True,False,False,False,False,False,False,False,False
titanic.zip,dialogue_metadata_with_listener.csv,60,titanic,m574,L614575,L614577,,u8450,CAL,L614576,u8455,JACK,Good. Settled then.,titanic,61,Good. Settled then.,1,1,ambiguity,ambiguity:high,_cue_ambiguity_deictic|_cue_ambiguity_fragment,True,False,False,False,False,False,False,False,False,True
titanic.zip,dialogue_metadata_with_listener.csv,61,titanic,m574,L614578,L614579,,u8455,JACK,L614578,u8450,CAL,Can I bum a cigarette?,titanic,62,Can I bum a cigarette?,0,0,,,,False,True,False,False,False,False,False,False,False,False
titanic.zip,dialogue_metadata_with_listener.csv,62,titanic,m574,L614583,L614584,,u8450,CAL,L614583,u8462,ROSE,Diamond. Yes it is. 56 carats.,titanic,63,Diamond. Yes it is. 56 carats.,0,0,,,,False,True,False,False,False,False,False,False,False,False
titanic.zip,dialogue_metadata_with_listener.csv,63,titanic,m574,L614585,L614586,,u8462,ROSE,L614585,u8450,CAL,"The Heart of the Ocean. Cal, it's... it's overwhelming.",titanic,64,"The Heart of the Ocean. Cal, it's... it's overwhelming.",0,0,,,,False,True,False,False,False,False,False,False,False,False
titanic.zip,dialogue_metadata_with_listener.csv,64,titanic,m574,L614591,L614592,,u8460,LOVETT,L614591,u8462,ROSE,"Well, that's the general idea, my dear.",titanic,65,"Well, that's the general idea, my dear.",1,1,pragmatic,,cat2_discourse_markers,True,False,False,True,False,False,False,False,False,False
titanic.zip,dialogue_metadata_with_listener.csv,65,titanic,m574,L614593,L614594,,u8460,LOVETT,L614593,u8447,BODINE,Lewis...,titanic,66,Lewis...,1,1,fragmentation,,cat6_ellipsis_marker,True,False,False,False,False,False,False,True,False,False
titanic.zip,dialogue_metadata_with_listener.csv,66,titanic,m574,L614596,L614597,,u8462,ROSE,L614596,u8460,LOVETT,"I'm afraid I'm feeling a little tired, Mr. Lovett.",titanic,67,"I'm afraid I'm feeling a little tired, Mr. Lovett.",0,0,,,,False,True,False,False,False,False,False,False,False,False
titanic.zip,dialogue_metadata_with_listener.csv,67,titanic,m574,L614598,L614599,,u8458,LIZZY,L614598,u8460,LOVETT,That's enough.,titanic,68,That's enough.,1,1,ambiguity,ambiguity:high,_cue_ambiguity_deictic|_cue_ambiguity_pronoun_heavy,True,False,False,False,False,False,False,False,False,True
titanic.zip,dialogue_metadata_with_listener.csv,68,titanic,m574,L614604,L614605,,u8458,LIZZY,L614604,u8448,BROCK,Don't you mean work me?,titanic,69,Don't you mean work me?,1,1,social,social:medium,_cue_social_addressed_command,True,False,False,False,True,False,False,False,False,False
titanic.zip,dialogue_metadata_with_listener.csv,69,titanic,m574,L614604,L614606,,u8448,BROCK,L614605,u8458,LIZZY,"Look, I'm running out of time. I need your help.",titanic,70,"Look, I'm running out of time. I need your help.",1,2,idiomatic|pragmatic,,cat1_pv_opaque=run out|cat2_discourse_markers,True,False,True,True,False,False,False,False,False,False
titanic.zip,dialogue_metadata_with_listener.csv,70,titanic,m574,L614604,L614607,,u8458,LIZZY,L614606,u8448,BROCK,I'm not going to help you browbeat my hundred and one year old grandmother. I came down here to tell you to back off.,titanic,71,I'm not going to help you browbeat my hundred and one year old grandmother. I came down here to tell you to back off.,1,1,constraint,constraint:medium,_cue_constraint_longish|_cue_constraint_very_long,True,False,False,False,False,False,True,False,False,False
titanic.zip,dialogue_metadata_with_listener.csv,71,titanic,m574,L614604,L614608,,u8448,BROCK,L614607,u8458,LIZZY,Lizzy... you gotta understand something. I've bet it all to find the Heart of the Ocean. I've got all my dough tied up in this thing. My wife even divorced me over this hunt. I need what's locked inside your grandma's memory.  You see this? Right here?,titanic,72,Lizzy... you gotta understand something. I've bet it all to find the Heart of the Ocean. I've got all my dough tied up in this thing. My wife even divorced me over this hunt. I need what's locked inside your grandma's memory.  You see this? Right here?,1,3,register|constraint|terminology,register:medium|constraint:high|terminology:medium,_cue_register_colloquial_strong|_cue_constraint_longish|_cue_constraint_very_long|_cue_constraint_terminology_heavy|_cue_constraint_fragmented|_cue_terminology_domain_combo,True,False,False,False,False,True,True,False,True,False
titanic.zip,dialogue_metadata_with_listener.csv,72,titanic,m574,L614609,L614610,,u8448,BROCK,L614609,u8458,LIZZY,That's the shape my hand's gonna be when I hold that thing. You understand? I'm not leaving here without it.,titanic,73,That's the shape my hand's gonna be when I hold that thing. You understand? I'm not leaving here without it.,1,2,register|constraint,register:medium|constraint:medium,_cue_register_colloquial_strong|_cue_constraint_longish|_cue_constraint_very_long,True,False,False,False,False,True,True,False,False,False
titanic.zip,dialogue_metadata_with_listener.csv,73,titanic,m574,L614609,L614611,,u8458,LIZZY,L614610,u8448,BROCK,"Look, Brock, she's going to do this her way, in her own time. Don't forget, she contacted you. She's out here for her own reasons, God knows what they are.",titanic,74,"Look, Brock, she's going to do this her way, in her own time. Don't forget, she contacted you. She's out here for her own reasons, God knows what they are.",1,2,pragmatic|constraint,constraint:medium,cat2_discourse_markers|_cue_constraint_longish|_cue_constraint_very_long,True,False,False,True,False,False,True,False,False,False
titanic.zip,dialogue_metadata_with_listener.csv,74,titanic,m574,L614612,L614613,,u8458,LIZZY,L614612,u8460,LOVETT,"What past? She has never once, not once, ever said a word about being on the Titanic until two days ago.",titanic,75,"What past? She has never once, not once, ever said a word about being on the Titanic until two days ago.",1,2,constraint|terminology,constraint:high|terminology:medium,_cue_constraint_longish|_cue_constraint_very_long|_cue_constraint_terminology_heavy|_cue_terminology_entity_combo,True,False,False,False,False,False,True,False,True,False
titanic.zip,dialogue_metadata_with_listener.csv,75,titanic,m574,L614612,L614614,,u8460,LOVETT,L614613,u8458,LIZZY,Then we're all meeting your grandmother for the first time.,titanic,76,Then we're all meeting your grandmother for the first time.,0,0,,,,False,True,False,False,False,False,False,False,False,False
titanic.zip,dialogue_metadata_with_listener.csv,76,titanic,m574,L614612,L614615,,u8458,LIZZY,L614614,u8460,LOVETT,You think she was really there?,titanic,77,You think she was really there?,0,0,,,,False,True,False,False,False,False,False,False,False,False
titanic.zip,dialogue_metadata_with_listener.csv,77,titanic,m574,L614612,L614616,,u8460,LOVETT,L614615,u8458,LIZZY,"Oh, yeah. Yeah, I'm a believer. She was there.",titanic,78,"Oh, yeah. Yeah, I'm a believer. She was there.",1,1,register,register:medium,_cue_register_colloquial_strong,True,False,False,False,False,True,False,False,False,False
titanic.zip,dialogue_metadata_with_listener.csv,78,titanic,m574,L614622,L614623,,u8462,ROSE,L614622,u8455,JACK,Could I speak to you in private?,titanic,79,Could I speak to you in private?,0,0,,,,False,True,False,False,False,False,False,False,False,False
titanic.zip,dialogue_metadata_with_listener.csv,79,titanic,m574,L614622,L614624,,u8455,JACK,L614623,u8462,ROSE,"Uh, yes. Of course. After you.",titanic,80,"Uh, yes. Of course. After you.",0,0,,,,False,True,False,False,False,False,False,False,False,False
titanic.zip,dialogue_metadata_with_listener.csv,80,titanic,m574,L614625,L614626,,u8462,ROSE,L614625,u8455,JACK,Rose. Rose DeWitt Bukater.,titanic,81,Rose. Rose DeWitt Bukater.,1,1,terminology,terminology:medium,_cue_terminology_domain_combo,True,False,False,False,False,False,False,False,True,False
titanic.zip,dialogue_metadata_with_listener.csv,81,titanic,m574,L614625,L614627,,u8455,JACK,L614626,u8462,ROSE,That's quite a moniker. I may hafta get you to write that down.,titanic,82,That's quite a moniker. I may hafta get you to write that down.,1,1,terminology,terminology:medium,_cue_terminology_domain_combo,True,False,False,False,False,False,False,False,True,False
titanic.zip,dialogue_metadata_with_listener.csv,82,titanic,m574,L614628,L614629,,u8455,JACK,L614628,u8462,ROSE,Jack.,titanic,83,Jack.,0,0,,,,False,True,False,False,False,False,False,False,False,False
titanic.zip,dialogue_metadata_with_listener.csv,83,titanic,m574,L614628,L614630,,u8462,ROSE,L614629,u8455,JACK,Jack... I feel like such an idiot. It took me all morning to get up the nerve to face you.,titanic,84,Jack... I feel like such an idiot. It took me all morning to get up the nerve to face you.,1,1,constraint,constraint:high,_cue_constraint_longish|_cue_constraint_very_long|_cue_constraint_terminology_heavy|_cue_constraint_fragmented,True,False,False,False,False,False,True,False,False,False
titanic.zip,dialogue_metadata_with_listener.csv,84,titanic,m574,L614628,L614631,,u8455,JACK,L614630,u8462,ROSE,"Well, here you are.",titanic,85,"Well, here you are.",1,1,pragmatic,,cat2_discourse_markers,True,False,False,True,False,False,False,False,False,False
titanic.zip,dialogue_metadata_with_listener.csv,85,titanic,m574,L614628,L614632,,u8462,ROSE,L614631,u8455,JACK,Here I am. I... I want to thank you for what you did. Not just for... for pulling me back. But for your discretion.,titanic,86,Here I am. I... I want to thank you for what you did. Not just for... for pulling me back. But for your discretion.,1,1,constraint,constraint:high,_cue_constraint_longish|_cue_constraint_very_long|_cue_constraint_fragmented,True,False,False,False,False,False,True,False,False,False
titanic.zip,dialogue_metadata_with_listener.csv,86,titanic,m574,L614628,L614633,,u8455,JACK,L614632,u8462,ROSE,You're welcome. Rose.,titanic,87,You're welcome. Rose.,0,0,,,,False,True,False,False,False,False,False,False,False,False
titanic.zip,dialogue_metadata_with_listener.csv,87,titanic,m574,L614628,L614634,,u8462,ROSE,L614633,u8455,JACK,"Look, I know what you must be thinking! Poor little rich girl. What does she know about misery?",titanic,88,"Look, I know what you must be thinking! Poor little rich girl. What does she know about misery?",1,2,pragmatic|constraint,constraint:medium,cat2_discourse_markers|_cue_constraint_longish|_cue_constraint_very_long,True,False,False,True,False,False,True,False,False,False
titanic.zip,dialogue_metadata_with_listener.csv,88,titanic,m574,L614628,L614635,,u8455,JACK,L614634,u8462,ROSE,That's not what I was thinking. What I was thinking was... what could have happened to hurt this girl so much she though she had no way out.,titanic,89,That's not what I was thinking. What I was thinking was... what could have happened to hurt this girl so much she though she had no way out.,1,1,constraint,constraint:high,_cue_constraint_longish|_cue_constraint_very_long|_cue_constraint_fragmented,True,False,False,False,False,False,True,False,False,False
titanic.zip,dialogue_metadata_with_listener.csv,89,titanic,m574,L614628,L614636,,u8462,ROSE,L614635,u8455,JACK,"I don't... it wasn't just one thing. It was everything. It was them, it was their whole world. And I was trapped in it, like an insect in amber.  I just had to get away... just run and run and run... and then I was at the back rail and there was no more ship... even the Titanic wasn't big enough. Not enough to get away from them. And before I'd really though about it, I was over the rail. I was so furious. I'll show them. They'll be sorry!",titanic,90,"I don't... it wasn't just one thing. It was everything. It was them, it was their whole world. And I was trapped in it, like an insect in amber.  I just had to get away... just run and run and run... and then I was at the back rail and there was no more ship... even the Titanic wasn't big enough. Not enough to get away from them. And before I'd really though about it, I was over the rail. I was so furious. I'll show them. They'll be sorry!",1,3,idiomatic|constraint|terminology,constraint:high|terminology:high,cat1_pv_opaque=get away|_cue_constraint_longish|_cue_constraint_very_long|_cue_constraint_terminology_heavy|_cue_constraint_fragmented|_cue_terminology_rare_strong|_cue_terminology_entity_combo|_cue_terminology_domain_combo,True,False,True,False,False,False,True,False,True,False
titanic.zip,dialogue_metadata_with_listener.csv,90,titanic,m574,L614628,L614637,,u8455,JACK,L614636,u8462,ROSE,Uh huh. They'll be sorry. 'Course you'll be dead.,titanic,91,Uh huh. They'll be sorry. 'Course you'll be dead.,1,1,register,register:medium,_cue_register_colloquial_strong,True,False,False,False,False,True,False,False,False,False
titanic.zip,dialogue_metadata_with_listener.csv,91,titanic,m574,L614628,L614638,,u8462,ROSE,L614637,u8455,JACK,"Oh God, I am such an utter fool.",titanic,92,"Oh God, I am such an utter fool.",0,0,,,,False,True,False,False,False,False,False,False,False,False
titanic.zip,dialogue_metadata_with_listener.csv,92,titanic,m574,L614628,L614639,,u8455,JACK,L614638,u8462,ROSE,"That penguin last night, is he one of them?",titanic,93,"That penguin last night, is he one of them?",0,0,,,,False,True,False,False,False,False,False,False,False,False
titanic.zip,dialogue_metadata_with_listener.csv,93,titanic,m574,L614628,L614640,,u8462,ROSE,L614639,u8455,JACK,"Penguin? Oh, Cal! He is them.",titanic,94,"Penguin? Oh, Cal! He is them.",0,0,,,,False,True,False,False,False,False,False,False,False,False
titanic.zip,dialogue_metadata_with_listener.csv,94,titanic,m574,L614628,L614641,,u8455,JACK,L614640,u8462,ROSE,Is he your boyfriend?,titanic,95,Is he your boyfriend?,0,0,,,,False,True,False,False,False,False,False,False,False,False
titanic.zip,dialogue_metadata_with_listener.csv,95,titanic,m574,L614628,L614642,,u8462,ROSE,L614641,u8455,JACK,Worse I'm afraid.,titanic,96,Worse I'm afraid.,0,0,,,,False,True,False,False,False,False,False,False,False,False
titanic.zip,dialogue_metadata_with_listener.csv,96,titanic,m574,L614644,L614645,,u8462,ROSE,L614644,u8455,JACK,"Yes, exactly!",titanic,97,"Yes, exactly!",1,1,ambiguity,ambiguity:medium,_cue_ambiguity_fragment,True,False,False,False,False,False,False,False,False,True
titanic.zip,dialogue_metadata_with_listener.csv,97,titanic,m574,L614644,L614646,,u8455,JACK,L614645,u8462,ROSE,So don't marry him.,titanic,98,So don't marry him.,1,2,pragmatic|ambiguity,ambiguity:medium,cat2_discourse_markers|_cue_ambiguity_fragment,True,False,False,True,False,False,False,False,False,True
titanic.zip,dialogue_metadata_with_listener.csv,98,titanic,m574,L614644,L614647,,u8462,ROSE,L614646,u8455,JACK,If only it were that simple.,titanic,99,If only it were that simple.,0,0,,,,False,True,False,False,False,False,False,False,False,False
titanic.zip,dialogue_metadata_with_listener.csv,99,titanic,m574,L614644,L614648,,u8455,JACK,L614647,u8462,ROSE,It is that simple.,titanic,100,It is that simple.,0,0,,,,False,True,False,False,False,False,False,False,False,False
titanic.zip,dialogue_metadata_with_listener.csv,100,titanic,m574,L614644,L614649,,u8462,ROSE,L614648,u8455,JACK,"Oh, Jack... please don't judge me until you've seen my world.",titanic,101,"Oh, Jack... please don't judge me until you've seen my world.",1,2,social|ambiguity,social:medium|ambiguity:medium,_cue_social_request_form|_cue_ambiguity_fragment,True,False,False,False,True,False,False,False,False,True
titanic.zip,dialogue_metadata_with_listener.csv,101,titanic,m574,L614644,L614650,,u8455,JACK,L614649,u8462,ROSE,"Well, I guess I will tonight.",titanic,102,"Well, I guess I will tonight.",1,1,pragmatic,,cat2_discourse_markers,True,False,False,True,False,False,False,False,False,False
titanic.zip,dialogue_metadata_with_listener.csv,102,titanic,m574,L614651,L614652,,u8455,JACK,L614651,u8462,ROSE,Just some sketches.,titanic,103,Just some sketches.,1,1,ambiguity,ambiguity:medium,_cue_ambiguity_fragment,True,False,False,False,False,False,False,False,False,True
titanic.zip,dialogue_metadata_with_listener.csv,103,titanic,m574,L614651,L614653,,u8462,ROSE,L614652,u8455,JACK,May I?,titanic,104,May I?,1,1,ambiguity,ambiguity:high,_cue_ambiguity_pronoun_heavy|_cue_ambiguity_modal,True,False,False,False,False,False,False,False,False,True
titanic.zip,dialogue_metadata_with_listener.csv,104,titanic,m574,L614654,L614655,,u8455,JACK,L614654,u8462,ROSE,"Well, they didn't think too much of 'em in Paree.",titanic,105,"Well, they didn't think too much of 'em in Paree.",1,1,pragmatic,,cat2_discourse_markers,True,False,False,True,False,False,False,False,False,False
titanic.zip,dialogue_metadata_with_listener.csv,105,titanic,m574,L614656,L614657,,u8455,JACK,L614656,u8462,ROSE,"Well, they didn't think too much of 'em in Paree.",titanic,106,"Well, they didn't think too much of 'em in Paree.",1,1,pragmatic,,cat2_discourse_markers,True,False,False,True,False,False,False,False,False,False
titanic.zip,dialogue_metadata_with_listener.csv,106,titanic,m574,L614661,L614662,,u8455,JACK,L614661,u8462,ROSE,Yup. That's one of the great things about Paris. Lots of girls willing take their clothes off.,titanic,107,Yup. That's one of the great things about Paris. Lots of girls willing take their clothes off.,1,2,register|constraint,register:medium|constraint:medium,_cue_register_colloquial_strong|_cue_constraint_longish|_cue_constraint_terminology_heavy,True,False,False,False,False,True,True,False,False,False
titanic.zip,dialogue_metadata_with_listener.csv,107,titanic,m574,L614663,L614664,,u8455,JACK,L614663,u8462,ROSE,She had beautiful hands.,titanic,108,She had beautiful hands.,0,0,,,,False,True,False,False,False,False,False,False,False,False
titanic.zip,dialogue_metadata_with_listener.csv,108,titanic,m574,L614663,L614665,,u8462,ROSE,L614664,u8455,JACK,I think you must have had a love affair with her...,titanic,109,I think you must have had a love affair with her...,0,0,,,,False,True,False,False,False,False,False,False,False,False
titanic.zip,dialogue_metadata_with_listener.csv,109,titanic,m574,L614663,L614666,,u8455,JACK,L614665,u8462,ROSE,"No, no! Just with her hands.",titanic,110,"No, no! Just with her hands.",0,0,,,,False,True,False,False,False,False,False,False,False,False
titanic.zip,dialogue_metadata_with_listener.csv,110,titanic,m574,L614663,L614667,,u8462,ROSE,L614666,u8455,JACK,"You have a gift, Jack. You do. You see people.",titanic,111,"You have a gift, Jack. You do. You see people.",0,0,,,,False,True,False,False,False,False,False,False,False,False
titanic.zip,dialogue_metadata_with_listener.csv,111,titanic,m574,L614663,L614668,,u8455,JACK,L614667,u8462,ROSE,I see you.,titanic,112,I see you.,0,0,,,,False,True,False,False,False,False,False,False,False,False
titanic.zip,dialogue_metadata_with_listener.csv,112,titanic,m574,L614669,L614670,,u8455,JACK,L614669,u8462,ROSE,You wouldn'ta jumped.,titanic,113,You wouldn'ta jumped.,0,0,,,,False,True,False,False,False,False,False,False,False,False
titanic.zip,dialogue_metadata_with_listener.csv,113,titanic,m574,L614675,L614676,,u8464,SMITH,L614675,u8454,ISMAY,"No, but we're making excellent time.",titanic,114,"No, but we're making excellent time.",0,0,,,,False,True,False,False,False,False,False,False,False,False
titanic.zip,dialogue_metadata_with_listener.csv,114,titanic,m574,L614675,L614677,,u8454,ISMAY,L614676,u8464,SMITH,"Captain, the press knows the size of Titanic, let them marvel at her speed too. We must give them something new to print. And the maiden voyage of Titanic must make headlines!",titanic,115,"Captain, the press knows the size of Titanic, let them marvel at her speed too. We must give them something new to print. And the maiden voyage of Titanic must make headlines!",1,2,constraint|terminology,constraint:high|terminology:high,_cue_constraint_longish|_cue_constraint_very_long|_cue_constraint_terminology_heavy|_cue_terminology_rare_strong|_cue_terminology_entity_combo|_cue_terminology_domain_combo,True,False,False,False,False,False,True,False,True,False
titanic.zip,dialogue_metadata_with_listener.csv,115,titanic,m574,L614675,L614678,,u8464,SMITH,L614677,u8454,ISMAY,I prefer not to push the engines until they've been properly run in.,titanic,116,I prefer not to push the engines until they've been properly run in.,0,0,,,,False,True,False,False,False,False,False,False,False,False
titanic.zip,dialogue_metadata_with_listener.csv,116,titanic,m574,L614675,L614679,,u8454,ISMAY,L614678,u8464,SMITH,"Of course I leave it to your good offices to decide what's best, but what a glorious end to your last crossing if we get into New York Tuesday night and surprise them all.  Retire with a bang, eh, E.J.?",titanic,117,"Of course I leave it to your good offices to decide what's best, but what a glorious end to your last crossing if we get into New York Tuesday night and surprise them all.  Retire with a bang, eh, E.J.?",1,2,idiomatic|constraint,constraint:high,cat1_pv_opaque=get into|_cue_constraint_longish|_cue_constraint_very_long|_cue_constraint_terminology_heavy,True,False,True,False,False,False,True,False,False,False
titanic.zip,dialogue_metadata_with_listener.csv,117,titanic,m574,L614680,L614681,,u8455,JACK,L614680,u8462,ROSE,"You wouldn't last two days. There's no hot water, and hardly ever any caviar.",titanic,118,"You wouldn't last two days. There's no hot water, and hardly ever any caviar.",0,0,,,,False,True,False,False,False,False,False,False,False,False
titanic.zip,dialogue_metadata_with_listener.csv,118,titanic,m574,L614680,L614682,,u8462,ROSE,L614681,u8455,JACK,"Listen, buster... I hate caviar! And I'm tired of people dismissing my dreams with a chuckle and a pat on the head.",titanic,119,"Listen, buster... I hate caviar! And I'm tired of people dismissing my dreams with a chuckle and a pat on the head.",1,4,pragmatic|social|constraint|terminology,social:medium|constraint:high|terminology:high,cat2_discourse_markers|_cue_social_addressed_command|_cue_constraint_longish|_cue_constraint_very_long|_cue_constraint_terminology_heavy|_cue_constraint_fragmented|_cue_terminology_rare_strong|_cue_terminology_domain_combo,True,False,False,True,True,False,True,False,True,False
titanic.zip,dialogue_metadata_with_listener.csv,119,titanic,m574,L614680,L614683,,u8455,JACK,L614682,u8462,ROSE,I'm sorry. Really... I am.,titanic,120,I'm sorry. Really... I am.,0,0,,,,False,True,False,False,False,False,False,False,False,False
titanic.zip,dialogue_metadata_with_listener.csv,120,titanic,m574,L614680,L614684,,u8462,ROSE,L614683,u8455,JACK,"Well, alright. There's something in me, Jack. I feel it. I don't know what it is, whether I should be an artist, or, I don't know... a dancer. Like Isadora Duncan.... a wild pagan spirit...",titanic,121,"Well, alright. There's something in me, Jack. I feel it. I don't know what it is, whether I should be an artist, or, I don't know... a dancer. Like Isadora Duncan.... a wild pagan spirit...",1,3,pragmatic|constraint|terminology,constraint:high|terminology:high,cat2_discourse_markers|_cue_constraint_longish|_cue_constraint_very_long|_cue_constraint_terminology_heavy|_cue_constraint_fragmented|_cue_terminology_rare_strong|_cue_terminology_entity_combo|_cue_terminology_domain_combo|_cue_terminology_multi_cap,True,False,False,True,False,False,True,False,True,False
titanic.zip,dialogue_metadata_with_listener.csv,121,titanic,m574,L614687,L614688,,u8455,JACK,L614687,u8462,ROSE,"Well, then logging got to be too much like work, so I went down to Los Angeles to the pier in Santa Monica. That's a swell place, they even have a rollercoaster. I sketched portraits there for ten cents a piece.",titanic,122,"Well, then logging got to be too much like work, so I went down to Los Angeles to the pier in Santa Monica. That's a swell place, they even have a rollercoaster. I sketched portraits there for ten cents a piece.",1,3,pragmatic|constraint|terminology,constraint:high|terminology:high,cat2_discourse_markers|_cue_constraint_longish|_cue_constraint_very_long|_cue_constraint_terminology_heavy|_cue_terminology_rare_strong|_cue_terminology_entity_combo|_cue_terminology_domain_combo|_cue_terminology_multi_cap,True,False,False,True,False,False,True,False,True,False
titanic.zip,dialogue_metadata_with_listener.csv,122,titanic,m574,L614687,L614689,,u8462,ROSE,L614688,u8455,JACK,A whole ten cents?!,titanic,123,A whole ten cents?!,0,0,,,,False,True,False,False,False,False,False,False,False,False
titanic.zip,dialogue_metadata_with_listener.csv,123,titanic,m574,L614687,L614690,,u8455,JACK,L614689,u8462,ROSE,"Yeah; it was great money... I could make a dollar a day, sometimes. But only in summer. When it got cold, I decided to go to Paris and see what the real artists were doing.",titanic,124,"Yeah; it was great money... I could make a dollar a day, sometimes. But only in summer. When it got cold, I decided to go to Paris and see what the real artists were doing.",1,2,register|constraint,register:medium|constraint:high,_cue_register_colloquial_strong|_cue_constraint_longish|_cue_constraint_very_long|_cue_constraint_terminology_heavy|_cue_constraint_fragmented,True,False,False,False,False,True,True,False,False,False
titanic.zip,dialogue_metadata_with_listener.csv,124,titanic,m574,L614687,L614691,,u8462,ROSE,L614690,u8455,JACK,"Why can't I be like you Jack? Just head out for the horizon whenever I feel like it.  Say we'll go there, sometime... to that pier... even if we only ever just talk about it.",titanic,125,"Why can't I be like you Jack? Just head out for the horizon whenever I feel like it.  Say we'll go there, sometime... to that pier... even if we only ever just talk about it.",1,2,social|constraint,social:medium|constraint:high,_cue_social_addressed_command|_cue_constraint_longish|_cue_constraint_very_long|_cue_constraint_fragmented,True,False,False,False,True,False,True,False,False,False
titanic.zip,dialogue_metadata_with_listener.csv,125,titanic,m574,L614687,L614692,,u8455,JACK,L614691,u8462,ROSE,"Alright, we're going. We'll drink cheap beer and go on the rollercoaster until we throw up and we'll ride horses on the beach... right in the surf... but you have to ride like a cowboy, none of that side-saddle stuff.",titanic,126,"Alright, we're going. We'll drink cheap beer and go on the rollercoaster until we throw up and we'll ride horses on the beach... right in the surf... but you have to ride like a cowboy, none of that side-saddle stuff.",1,2,constraint|terminology,constraint:high|terminology:high,_cue_constraint_longish|_cue_constraint_very_long|_cue_constraint_terminology_heavy|_cue_constraint_fragmented|_cue_terminology_rare_strong|_cue_terminology_domain_combo,True,False,False,False,False,False,True,False,True,False
titanic.zip,dialogue_metadata_with_listener.csv,126,titanic,m574,L614687,L614693,,u8462,ROSE,L614692,u8455,JACK,You mean one leg on each side? Scandalous! Can you show me?,titanic,127,You mean one leg on each side? Scandalous! Can you show me?,0,0,,,,False,True,False,False,False,False,False,False,False,False
titanic.zip,dialogue_metadata_with_listener.csv,127,titanic,m574,L614687,L614694,,u8455,JACK,L614693,u8462,ROSE,Sure. If you like.,titanic,128,Sure. If you like.,0,0,,,,False,True,False,False,False,False,False,False,False,False
titanic.zip,dialogue_metadata_with_listener.csv,128,titanic,m574,L614687,L614695,,u8462,ROSE,L614694,u8455,JACK,I think I would.  And teach me to spit too. Like a man. Why should only men be able to spit. It's unfair.,titanic,129,I think I would.  And teach me to spit too. Like a man. Why should only men be able to spit. It's unfair.,1,3,register|constraint|terminology,register:medium|constraint:high|terminology:medium,_cue_register_colloquial_strong|_cue_constraint_longish|_cue_constraint_very_long|_cue_constraint_terminology_heavy|_cue_terminology_domain_combo,True,False,False,False,False,True,True,False,True,False
titanic.zip,dialogue_metadata_with_listener.csv,129,titanic,m574,L614687,L614696,,u8455,JACK,L614695,u8462,ROSE,"They didn't teach you that in finishing school? Here, it's easy. Watch closely.",titanic,130,"They didn't teach you that in finishing school? Here, it's easy. Watch closely.",0,0,,,,False,True,False,False,False,False,False,False,False,False
titanic.zip,dialogue_metadata_with_listener.csv,130,titanic,m574,L614700,L614701,,u8463,RUTH,L614700,u8462,ROSE,"Charmed, I'm sure.",titanic,131,"Charmed, I'm sure.",0,0,,,,False,True,False,False,False,False,False,False,False,False
titanic.zip,dialogue_metadata_with_listener.csv,131,titanic,m574,L614715,L614716,,u8462,ROSE,L614715,u8455,JACK,"Cal, surely you remember Mr. Dawson.",titanic,132,"Cal, surely you remember Mr. Dawson.",0,0,,,,False,True,False,False,False,False,False,False,False,False
titanic.zip,dialogue_metadata_with_listener.csv,132,titanic,m574,L614737,L614738,,u8455,JACK,L614737,u8450,CAL,"No caviar for me, thanks.  Never did like it much.",titanic,133,"No caviar for me, thanks.  Never did like it much.",1,1,ambiguity,ambiguity:medium,_cue_ambiguity_pronoun_heavy|_cue_ambiguity_fragment,True,False,False,False,False,False,False,False,False,True
titanic.zip,dialogue_metadata_with_listener.csv,133,titanic,m574,L614754,L614755,,u8446,ANDREWS,L614754,u8462,ROSE,"Thank you, Rose.",titanic,134,"Thank you, Rose.",1,2,social|ambiguity,social:medium|ambiguity:medium,_cue_social_addressed_command|_cue_ambiguity_fragment,True,False,False,False,True,False,False,False,False,True
titanic.zip,dialogue_metadata_with_listener.csv,134,titanic,m574,L614760,L614761,,u8450,CAL,L614760,u8455,JACK,"Probably best. It'll be all business and politics, that sort of thing. Wouldn't interest you. Good of you to come.",titanic,135,"Probably best. It'll be all business and politics, that sort of thing. Wouldn't interest you. Good of you to come.",1,3,social|constraint|ambiguity,social:medium|constraint:medium|ambiguity:medium,_cue_social_addressed_command|_cue_constraint_longish|_cue_constraint_very_long|_cue_ambiguity_deictic|_cue_ambiguity_pronoun_heavy|_cue_ambiguity_modal,True,False,False,False,True,False,True,False,False,True
titanic.zip,dialogue_metadata_with_listener.csv,135,titanic,m574,L614762,L614763,,u8455,JACK,L614762,u8462,ROSE,Time for my coach to turn back into a pumpkin.,titanic,136,Time for my coach to turn back into a pumpkin.,0,0,,,,False,True,False,False,False,False,False,False,False,False
titanic.zip,dialogue_metadata_with_listener.csv,136,titanic,m574,L614765,L614766,,u8455,JACK,L614765,u8462,ROSE,"You're still my best girl, Cora.",titanic,137,"You're still my best girl, Cora.",0,0,,,,False,True,False,False,False,False,False,False,False,False
titanic.zip,dialogue_metadata_with_listener.csv,137,titanic,m574,L614767,L614768,,u8455,JACK,L614767,u8462,ROSE,Just move with me. Don't think.,titanic,138,Just move with me. Don't think.,0,0,,,,False,True,False,False,False,False,False,False,False,False
titanic.zip,dialogue_metadata_with_listener.csv,138,titanic,m574,L614770,L614771,,u8451,FABRIZIO,L614770,u8455,JACK,"I don't know what she's say, she don't know what I say, so we get along fine.",titanic,139,"I don't know what she's say, she don't know what I say, so we get along fine.",1,1,idiomatic,,cat1_pv_opaque=get along,True,False,True,False,False,False,False,False,False,False
titanic.zip,dialogue_metadata_with_listener.csv,139,titanic,m574,L614780,L614781,,u8462,ROSE,L614780,u8455,JACK,A mistake?,titanic,140,A mistake?,1,1,ambiguity,ambiguity:medium,_cue_ambiguity_fragment,True,False,False,False,False,False,False,False,False,True
titanic.zip,dialogue_metadata_with_listener.csv,140,titanic,m574,L614780,L614782,,u8455,JACK,L614781,u8462,ROSE,Uh huh. You got mailed to the wrong address.,titanic,141,Uh huh. You got mailed to the wrong address.,0,0,,,,False,True,False,False,False,False,False,False,False,False
titanic.zip,dialogue_metadata_with_listener.csv,141,titanic,m574,L614780,L614783,,u8462,ROSE,L614782,u8455,JACK,"I did, didn't I?  Look! A shooting star.",titanic,142,"I did, didn't I?  Look! A shooting star.",0,0,,,,False,True,False,False,False,False,False,False,False,False
titanic.zip,dialogue_metadata_with_listener.csv,142,titanic,m574,L614780,L614784,,u8455,JACK,L614783,u8462,ROSE,"That was a long one. My father used to say that whenever you saw one, it was a soul going to heaven.",titanic,143,"That was a long one. My father used to say that whenever you saw one, it was a soul going to heaven.",1,1,constraint,constraint:medium,_cue_constraint_longish|_cue_constraint_very_long,True,False,False,False,False,False,True,False,False,False
titanic.zip,dialogue_metadata_with_listener.csv,143,titanic,m574,L614780,L614785,,u8462,ROSE,L614784,u8455,JACK,I like that. Aren't we supposed to wish on it?,titanic,144,I like that. Aren't we supposed to wish on it?,0,0,,,,False,True,False,False,False,False,False,False,False,False
titanic.zip,dialogue_metadata_with_listener.csv,144,titanic,m574,L614789,L614790,,u8462,ROSE,L614789,u8450,CAL,I was tired.,titanic,145,I was tired.,0,0,,,,False,True,False,False,False,False,False,False,False,False
titanic.zip,dialogue_metadata_with_listener.csv,145,titanic,m574,L614789,L614791,,u8450,CAL,L614790,u8462,ROSE,Yes. Your exertions below decks were no doubt exausting.,titanic,146,Yes. Your exertions below decks were no doubt exausting.,1,1,terminology,terminology:high,_cue_terminology_rare_strong|_cue_terminology_domain_combo,True,False,False,False,False,False,False,False,True,False
titanic.zip,dialogue_metadata_with_listener.csv,146,titanic,m574,L614789,L614792,,u8462,ROSE,L614791,u8450,CAL,I see you had that undertaker of a manservant follow me.,titanic,147,I see you had that undertaker of a manservant follow me.,1,1,terminology,terminology:medium,_cue_terminology_domain_combo,True,False,False,False,False,False,False,False,True,False
titanic.zip,dialogue_metadata_with_listener.csv,147,titanic,m574,L614789,L614793,,u8450,CAL,L614792,u8462,ROSE,You will never behave like that again! Do you understand?,titanic,148,You will never behave like that again! Do you understand?,0,0,,,,False,True,False,False,False,False,False,False,False,False
titanic.zip,dialogue_metadata_with_listener.csv,148,titanic,m574,L614789,L614794,,u8462,ROSE,L614793,u8450,CAL,I'm not some foreman in your mills than you can command! I am your fiancee --,titanic,149,I'm not some foreman in your mills than you can command! I am your fiancee --,1,2,constraint|terminology,constraint:high|terminology:medium,_cue_constraint_longish|_cue_constraint_terminology_heavy|_cue_constraint_fragmented|_cue_terminology_domain_combo,True,False,False,False,False,False,True,False,True,False
titanic.zip,dialogue_metadata_with_listener.csv,149,titanic,m574,L614799,L614800,,u8462,ROSE,L614799,u8463,RUTH,Of course I know it's gone. You remind me every day!,titanic,150,Of course I know it's gone. You remind me every day!,0,0,,,,False,True,False,False,False,False,False,False,False,False
titanic.zip,dialogue_metadata_with_listener.csv,150,titanic,m574,L614799,L614801,,u8463,RUTH,L614800,u8462,ROSE,Your father left us nothing but a legacy of bad debts hidden by a good name. And that name is the only card we have to play.,titanic,151,Your father left us nothing but a legacy of bad debts hidden by a good name. And that name is the only card we have to play.,1,1,constraint,constraint:medium,_cue_constraint_longish|_cue_constraint_very_long,True,False,False,False,False,False,True,False,False,False
titanic.zip,dialogue_metadata_with_listener.csv,151,titanic,m574,L614802,L614803,,u8462,ROSE,L614802,u8463,RUTH,How can you put this on my shoulders?,titanic,152,How can you put this on my shoulders?,0,0,,,,False,True,False,False,False,False,False,False,False,False
titanic.zip,dialogue_metadata_with_listener.csv,152,titanic,m574,L614804,L614805,,u8462,ROSE,L614804,u8463,RUTH,It's so unfair.,titanic,153,It's so unfair.,0,0,,,,False,True,False,False,False,False,False,False,False,False
titanic.zip,dialogue_metadata_with_listener.csv,153,titanic,m574,L614804,L614806,,u8463,RUTH,L614805,u8462,ROSE,Of course it's unfair! We're women. Our choices are never easy.,titanic,154,Of course it's unfair! We're women. Our choices are never easy.,1,1,pragmatic,,cat2_negated_positive,True,False,False,True,False,False,False,False,False,False
titanic.zip,dialogue_metadata_with_listener.csv,154,titanic,m574,L614829,L614830,,u8446,ANDREWS,L614829,u8462,ROSE,"About half, actually. Rose, you miss nothing, do you? In fact, I put in these new type davits, which can take an extra row of boats here.  But it was thought... by some... that the deck would look too cluttered. So I was over-ruled.",titanic,155,"About half, actually. Rose, you miss nothing, do you? In fact, I put in these new type davits, which can take an extra row of boats here.  But it was thought... by some... that the deck would look too cluttered. So I was over-ruled.",1,3,social|constraint|terminology,social:medium|constraint:high|terminology:medium,_cue_social_addressed_request|_cue_constraint_longish|_cue_constraint_very_long|_cue_constraint_terminology_heavy|_cue_constraint_fragmented|_cue_terminology_domain_combo,True,False,False,False,True,False,True,False,True,False
titanic.zip,dialogue_metadata_with_listener.csv,155,titanic,m574,L614834,L614835,,u8462,ROSE,L614834,u8455,JACK,"Jack, I --",titanic,156,"Jack, I --",1,1,ambiguity,ambiguity:medium,_cue_ambiguity_fragment,True,False,False,False,False,False,False,False,False,True
titanic.zip,dialogue_metadata_with_listener.csv,156,titanic,m574,L614834,L614836,,u8455,JACK,L614835,u8462,ROSE,"No wait. Let me try to get this out. You're amazing... and I know I have nothing to offer you, Rose. I know that. But I'm involved now. You jump, I jump, remember? I can't turn away without knowin' that you're goin' to be alright.",titanic,157,"No wait. Let me try to get this out. You're amazing... and I know I have nothing to offer you, Rose. I know that. But I'm involved now. You jump, I jump, remember? I can't turn away without knowin' that you're goin' to be alright.",1,3,social|constraint|terminology,social:medium|constraint:high|terminology:medium,_cue_social_addressed_command|_cue_constraint_longish|_cue_constraint_very_long|_cue_constraint_terminology_heavy|_cue_constraint_fragmented|_cue_terminology_entity_combo,True,False,False,False,True,False,True,False,True,False
titanic.zip,dialogue_metadata_with_listener.csv,157,titanic,m574,L614837,L614838,,u8455,JACK,L614837,u8462,ROSE,"I don't think so. They've got you in a glass jar like some butterfly, and you're goin' to die if you don't break out. Maybe not right away, 'cause you're strong. But sooner or later the fire in you is goin' to go out.",titanic,158,"I don't think so. They've got you in a glass jar like some butterfly, and you're goin' to die if you don't break out. Maybe not right away, 'cause you're strong. But sooner or later the fire in you is goin' to go out.",1,5,idiomatic|pragmatic|register|constraint|terminology,register:medium|constraint:high|terminology:medium,cat1_pv_opaque=break out|cat2_negated_positive|_cue_register_colloquial_strong|_cue_constraint_longish|_cue_constraint_very_long|_cue_constraint_terminology_heavy|_cue_terminology_domain_combo,True,False,True,True,False,True,True,False,True,False
titanic.zip,dialogue_metadata_with_listener.csv,158,titanic,m574,L614837,L614839,,u8462,ROSE,L614838,u8455,JACK,"It's not up to you to save me, Jack.",titanic,159,"It's not up to you to save me, Jack.",0,0,,,,False,True,False,False,False,False,False,False,False,False
titanic.zip,dialogue_metadata_with_listener.csv,159,titanic,m574,L614837,L614840,,u8455,JACK,L614839,u8462,ROSE,You're right. Only you can do that.,titanic,160,You're right. Only you can do that.,0,0,,,,False,True,False,False,False,False,False,False,False,False
titanic.zip,dialogue_metadata_with_listener.csv,160,titanic,m574,L614837,L614841,,u8462,ROSE,L614840,u8455,JACK,"I have to get back, they'll miss me. Please, Jack, for both our sakes, leave me alone.",titanic,161,"I have to get back, they'll miss me. Please, Jack, for both our sakes, leave me alone.",1,1,social,social:medium,_cue_social_addressed_request,True,False,False,False,True,False,False,False,False,False
titanic.zip,dialogue_metadata_with_listener.csv,161,titanic,m574,L614846,L614847,,u8455,JACK,L614846,u8462,ROSE,Sssshh. Come here.,titanic,162,Sssshh. Come here.,1,1,ambiguity,ambiguity:high,_cue_ambiguity_deictic|_cue_ambiguity_fragment,True,False,False,False,False,False,False,False,False,True
titanic.zip,dialogue_metadata_with_listener.csv,162,titanic,m574,L614857,L614858,,u8455,JACK,L614857,u8462,ROSE,"Zat is true, I am not used to working in such 'orreeble conditions.  Hey... Monet!",titanic,163,"Zat is true, I am not used to working in such 'orreeble conditions.  Hey... Monet!",1,1,terminology,terminology:medium,_cue_terminology_domain_combo,True,False,False,False,False,False,False,False,True,False
titanic.zip,dialogue_metadata_with_listener.csv,163,titanic,m574,L614860,L614861,,u8455,JACK,L614860,u8462,ROSE,Should I be expecting him anytime soon?,titanic,164,Should I be expecting him anytime soon?,0,0,,,,False,True,False,False,False,False,False,False,False,False
titanic.zip,dialogue_metadata_with_listener.csv,164,titanic,m574,L614860,L614862,,u8462,ROSE,L614861,u8455,JACK,Not as long as the cigars and brandy hold out.,titanic,165,Not as long as the cigars and brandy hold out.,0,0,,,,False,True,False,False,False,False,False,False,False,False
titanic.zip,dialogue_metadata_with_listener.csv,165,titanic,m574,L614863,L614864,,u8462,ROSE,L614863,u8455,JACK,"A diamond. A very rare diamond, called the Heart of the Ocean.",titanic,166,"A diamond. A very rare diamond, called the Heart of the Ocean.",0,0,,,,False,True,False,False,False,False,False,False,False,False
titanic.zip,dialogue_metadata_with_listener.csv,166,titanic,m574,L614869,L614870,,u8455,JACK,L614869,u8462,ROSE,He does landscapes.,titanic,167,He does landscapes.,0,0,,,,False,True,False,False,False,False,False,False,False,False
titanic.zip,dialogue_metadata_with_listener.csv,167,titanic,m574,L614876,L614877,,u8450,CAL,L614876,u8459,LOVEJOY,"This is ridiculous, Lovejoy. Find her.",titanic,168,"This is ridiculous, Lovejoy. Find her.",0,0,,,,False,True,False,False,False,False,False,False,False,False
titanic.zip,dialogue_metadata_with_listener.csv,168,titanic,m574,L614878,L614879,,u8464,SMITH,L614878,u8457,LIGHTOLLER,"Yes, like a mill pond. Not a breath of wind.",titanic,169,"Yes, like a mill pond. Not a breath of wind.",0,0,,,,False,True,False,False,False,False,False,False,False,False
titanic.zip,dialogue_metadata_with_listener.csv,169,titanic,m574,L614878,L614880,,u8457,LIGHTOLLER,L614879,u8464,SMITH,"It's make the bergs harder to see, with no breaking water at the base.",titanic,170,"It's make the bergs harder to see, with no breaking water at the base.",0,0,,,,False,True,False,False,False,False,False,False,False,False
titanic.zip,dialogue_metadata_with_listener.csv,170,titanic,m574,L614878,L614881,,u8464,SMITH,L614880,u8457,LIGHTOLLER,"Mmmmm. Well, I'm off. Maintain speed and heading, Mr. Lightoller.",titanic,171,"Mmmmm. Well, I'm off. Maintain speed and heading, Mr. Lightoller.",1,1,terminology,terminology:high,_cue_terminology_entity_combo|_cue_terminology_domain_combo,True,False,False,False,False,False,False,False,True,False
titanic.zip,dialogue_metadata_with_listener.csv,171,titanic,m574,L614878,L614882,,u8457,LIGHTOLLER,L614881,u8464,SMITH,Yes sir.,titanic,172,Yes sir.,1,1,ambiguity,ambiguity:medium,_cue_ambiguity_fragment,True,False,False,False,False,False,False,False,False,True
titanic.zip,dialogue_metadata_with_listener.csv,172,titanic,m574,L614878,L614883,,u8464,SMITH,L614882,u8457,LIGHTOLLER,"And wake me, of course, if anything becomes in the slightest degree doubtful.",titanic,173,"And wake me, of course, if anything becomes in the slightest degree doubtful.",0,0,,,,False,True,False,False,False,False,False,False,False,False
titanic.zip,dialogue_metadata_with_listener.csv,173,titanic,m574,L614887,L614888,,u8462,ROSE,L614887,u8455,JACK,"He's an ex-Pinkerton. Cal's father hired him to keep Cal out of trouble... to make sure he always got back to the hotel with his wallet and watch, after some crawl through the less reputable parts of town...",titanic,174,"He's an ex-Pinkerton. Cal's father hired him to keep Cal out of trouble... to make sure he always got back to the hotel with his wallet and watch, after some crawl through the less reputable parts of town...",1,2,constraint|terminology,constraint:high|terminology:high,_cue_constraint_longish|_cue_constraint_very_long|_cue_constraint_terminology_heavy|_cue_constraint_fragmented|_cue_terminology_rare_strong|_cue_terminology_entity_combo|_cue_terminology_domain_combo,True,False,False,False,False,False,True,False,True,False
titanic.zip,dialogue_metadata_with_listener.csv,174,titanic,m574,L614887,L614889,,u8455,JACK,L614888,u8462,ROSE,Kinda like we're doin' right now -- uh oh!,titanic,175,Kinda like we're doin' right now -- uh oh!,1,1,register,register:medium,_cue_register_colloquial_strong,True,False,False,False,False,True,False,False,False,False
titanic.zip,dialogue_metadata_with_listener.csv,175,titanic,m574,L614893,L614894,,u8462,ROSE,L614893,u8455,JACK,To the stars.,titanic,176,To the stars.,1,1,ambiguity,ambiguity:medium,_cue_ambiguity_fragment,True,False,False,False,False,False,False,False,False,True
titanic.zip,dialogue_metadata_with_listener.csv,176,titanic,m574,L614895,L614896,,u8462,ROSE,L614895,u8455,JACK,"Au contraire, mon cher.",titanic,177,"Au contraire, mon cher.",1,1,terminology,terminology:high,_cue_terminology_rare_strong|_cue_terminology_domain_combo,True,False,False,False,False,False,False,False,True,False
titanic.zip,dialogue_metadata_with_listener.csv,177,titanic,m574,L614903,L614904,,u8455,JACK,L614903,u8462,ROSE,It's okay. I'm alright.,titanic,178,It's okay. I'm alright.,0,0,,,,False,True,False,False,False,False,False,False,False,False
titanic.zip,dialogue_metadata_with_listener.csv,178,titanic,m574,L614907,L614908,,u8456,LEE,L614907,u8452,FLEET,Bollocks.,titanic,179,Bollocks.,0,0,,,,False,True,False,False,False,False,False,False,False,False
titanic.zip,dialogue_metadata_with_listener.csv,179,titanic,m574,L614907,L614909,,u8452,FLEET,L614908,u8456,LEE,Well I can.,titanic,180,Well I can.,1,2,pragmatic|ambiguity,ambiguity:medium,cat2_discourse_markers|_cue_ambiguity_modal,True,False,False,True,False,False,False,False,False,True
titanic.zip,dialogue_metadata_with_listener.csv,180,titanic,m574,L614912,L614913,,u8455,JACK,L614912,u8462,ROSE,This is crazy.,titanic,181,This is crazy.,1,1,ambiguity,ambiguity:medium,_cue_ambiguity_deictic|_cue_ambiguity_underspecified_short,True,False,False,False,False,False,False,False,False,True
titanic.zip,dialogue_metadata_with_listener.csv,181,titanic,m574,L614912,L614914,,u8462,ROSE,L614913,u8455,JACK,I know. It doesn't make any sense. That's why I trust it.,titanic,182,I know. It doesn't make any sense. That's why I trust it.,0,0,,,,False,True,False,False,False,False,False,False,False,False
titanic.zip,dialogue_metadata_with_listener.csv,182,titanic,m574,L614915,L614916,,u8456,LEE,L614915,u8452,FLEET,They're a bloody sight warmer than we are.,titanic,183,They're a bloody sight warmer than we are.,0,0,,,,False,True,False,False,False,False,False,False,False,False
titanic.zip,dialogue_metadata_with_listener.csv,183,titanic,m574,L614915,L614917,,u8452,FLEET,L614916,u8456,LEE,"Well if that's what it takes for us two to get warm, I'd rather not, if it's all the same.",titanic,184,"Well if that's what it takes for us two to get warm, I'd rather not, if it's all the same.",1,2,pragmatic|constraint,constraint:medium,cat2_discourse_markers|_cue_constraint_longish|_cue_constraint_very_long,True,False,False,True,False,False,True,False,False,False
titanic.zip,dialogue_metadata_with_listener.csv,184,titanic,m574,L614931,L614932,,u8456,LEE,L614931,u8452,FLEET,"Smell ice, can you? Bleedin' Christ!",titanic,185,"Smell ice, can you? Bleedin' Christ!",0,0,,,,False,True,False,False,False,False,False,False,False,False
titanic.zip,dialogue_metadata_with_listener.csv,185,titanic,m574,L614943,L614944,,u8462,ROSE,L614943,u8455,JACK,Could it have damaged the ship?,titanic,186,Could it have damaged the ship?,0,0,,,,False,True,False,False,False,False,False,False,False,False
titanic.zip,dialogue_metadata_with_listener.csv,186,titanic,m574,L614943,L614945,,u8455,JACK,L614944,u8462,ROSE,It didn't seem like much of a bump. I'm sure we're okay.,titanic,187,It didn't seem like much of a bump. I'm sure we're okay.,0,0,,,,False,True,False,False,False,False,False,False,False,False
titanic.zip,dialogue_metadata_with_listener.csv,187,titanic,m574,L614952,L614953,,u8464,SMITH,L614952,u8454,ISMAY,We've struck ice.,titanic,188,We've struck ice.,0,0,,,,False,True,False,False,False,False,False,False,False,False
titanic.zip,dialogue_metadata_with_listener.csv,188,titanic,m574,L614952,L614954,,u8454,ISMAY,L614953,u8464,SMITH,"Well, do you think the ship is seriously damaged?",titanic,189,"Well, do you think the ship is seriously damaged?",1,1,pragmatic,,cat2_discourse_markers,True,False,False,True,False,False,False,False,False,False
titanic.zip,dialogue_metadata_with_listener.csv,189,titanic,m574,L614952,L614955,,u8464,SMITH,L614954,u8454,ISMAY,Excuse me.,titanic,190,Excuse me.,1,1,ambiguity,ambiguity:high,_cue_ambiguity_pronoun_heavy|_cue_ambiguity_fragment,True,False,False,False,False,False,False,False,False,True
titanic.zip,dialogue_metadata_with_listener.csv,190,titanic,m574,L614961,L614962,,u8462,ROSE,L614961,u8455,JACK,We have to tell Mother and Cal.,titanic,191,We have to tell Mother and Cal.,0,0,,,,False,True,False,False,False,False,False,False,False,False
titanic.zip,dialogue_metadata_with_listener.csv,191,titanic,m574,L614961,L614963,,u8455,JACK,L614962,u8462,ROSE,Now it's worse.,titanic,192,Now it's worse.,1,2,pragmatic|ambiguity,ambiguity:medium,cat2_discourse_markers|_cue_ambiguity_deictic|_cue_ambiguity_underspecified_short,True,False,False,True,False,False,False,False,False,True
titanic.zip,dialogue_metadata_with_listener.csv,192,titanic,m574,L614961,L614964,,u8462,ROSE,L614963,u8455,JACK,"Come with me, Jack. I jump, you jump... Right?",titanic,193,"Come with me, Jack. I jump, you jump... Right?",1,1,social,social:medium,_cue_social_addressed_command,True,False,False,False,True,False,False,False,False,False
titanic.zip,dialogue_metadata_with_listener.csv,193,titanic,m574,L614961,L614965,,u8455,JACK,L614964,u8462,ROSE,Right.,titanic,194,Right.,0,0,,,,False,True,False,False,False,False,False,False,False,False
titanic.zip,dialogue_metadata_with_listener.csv,194,titanic,m574,L614967,L614968,,u8450,CAL,L614967,u8462,ROSE,That's right. Two things dear to me have disappeared this evening. Now that one is back...  ...I have a pretty good idea where to find the other.  Search him.,titanic,195,That's right. Two things dear to me have disappeared this evening. Now that one is back...  ...I have a pretty good idea where to find the other.  Search him.,1,1,constraint,constraint:high,_cue_constraint_longish|_cue_constraint_very_long|_cue_constraint_terminology_heavy|_cue_constraint_fragmented,True,False,False,False,False,False,True,False,False,False
titanic.zip,dialogue_metadata_with_listener.csv,195,titanic,m574,L614970,L614971,,u8462,ROSE,L614970,u8455,JACK,"Cal, you can't be serious! We're in the middle of an emergency and you --",titanic,196,"Cal, you can't be serious! We're in the middle of an emergency and you --",1,1,constraint,constraint:medium,_cue_constraint_longish|_cue_constraint_fragmented,True,False,False,False,False,False,True,False,False,False
titanic.zip,dialogue_metadata_with_listener.csv,196,titanic,m574,L614975,L614976,,u8462,ROSE,L614975,u8455,JACK,He couldn't have.,titanic,197,He couldn't have.,1,1,ambiguity,ambiguity:medium,_cue_ambiguity_modal,True,False,False,False,False,False,False,False,False,True
titanic.zip,dialogue_metadata_with_listener.csv,197,titanic,m574,L614978,L614979,,u8450,CAL,L614978,u8462,ROSE,Maybe he did it while you were putting your clothes back on.,titanic,198,Maybe he did it while you were putting your clothes back on.,0,0,,,,False,True,False,False,False,False,False,False,False,False
titanic.zip,dialogue_metadata_with_listener.csv,198,titanic,m574,L614987,L614988,,u8464,SMITH,L614987,u8446,ANDREWS,That's right.,titanic,199,That's right.,1,1,ambiguity,ambiguity:high,_cue_ambiguity_deictic|_cue_ambiguity_pronoun_heavy,True,False,False,False,False,False,False,False,False,True
titanic.zip,dialogue_metadata_with_listener.csv,199,titanic,m574,L614987,L614989,,u8446,ANDREWS,L614988,u8464,SMITH,Five compartments. She can stay afloat with the first four compartments breached. But not five. Not five. As she goes down by the head the water will spill over the tops of the bulkheads... at E Deck... from one to the next... back and back. There's no stopping it.,titanic,200,Five compartments. She can stay afloat with the first four compartments breached. But not five. Not five. As she goes down by the head the water will spill over the tops of the bulkheads... at E Deck... from one to the next... back and back. There's no stopping it.,1,2,constraint|terminology,constraint:high|terminology:high,_cue_constraint_longish|_cue_constraint_very_long|_cue_constraint_terminology_heavy|_cue_constraint_fragmented|_cue_terminology_rare_strong|_cue_terminology_entity_combo|_cue_terminology_domain_combo,True,False,False,False,False,False,True,False,True,False
titanic.zip,dialogue_metadata_with_listener.csv,200,titanic,m574,L614987,L614990,,u8464,SMITH,L614989,u8446,ANDREWS,The pumps --,titanic,201,The pumps --,1,1,ambiguity,ambiguity:medium,_cue_ambiguity_fragment,True,False,False,False,False,False,False,False,False,True
titanic.zip,dialogue_metadata_with_listener.csv,201,titanic,m574,L614987,L614991,,u8446,ANDREWS,L614990,u8464,SMITH,"The pumps buy you time... but minutes only. From this moment, no matter what we do, Titanic will founder.",titanic,202,"The pumps buy you time... but minutes only. From this moment, no matter what we do, Titanic will founder.",1,2,constraint|terminology,constraint:high|terminology:medium,_cue_constraint_longish|_cue_constraint_very_long|_cue_constraint_terminology_heavy|_cue_constraint_fragmented|_cue_terminology_domain_combo,True,False,False,False,False,False,True,False,True,False
titanic.zip,dialogue_metadata_with_listener.csv,202,titanic,m574,L614994,L614995,,u8446,ANDREWS,L614994,u8464,SMITH,"An hour, two at most.",titanic,203,"An hour, two at most.",0,0,,,,False,True,False,False,False,False,False,False,False,False
titanic.zip,dialogue_metadata_with_listener.csv,203,titanic,m574,L615018,L615019,,u8463,RUTH,L615018,u8450,CAL,"There's no need for language, Mr. Hockley.  Go back and turn the heater on in my room, so it won't be too cold when we get back.",titanic,204,"There's no need for language, Mr. Hockley.  Go back and turn the heater on in my room, so it won't be too cold when we get back.",1,2,constraint|terminology,constraint:high|terminology:medium,_cue_constraint_longish|_cue_constraint_very_long|_cue_constraint_terminology_heavy|_cue_terminology_domain_combo,True,False,False,False,False,False,True,False,True,False
titanic.zip,dialogue_metadata_with_listener.csv,204,titanic,m574,L615020,L615021,,u8446,ANDREWS,L615020,u8462,ROSE,The ship will sink.,titanic,205,The ship will sink.,0,0,,,,False,True,False,False,False,False,False,False,False,False
titanic.zip,dialogue_metadata_with_listener.csv,205,titanic,m574,L615020,L615022,,u8462,ROSE,L615021,u8446,ANDREWS,You're certain?,titanic,206,You're certain?,0,0,,,,False,True,False,False,False,False,False,False,False,False
titanic.zip,dialogue_metadata_with_listener.csv,206,titanic,m574,L615020,L615023,,u8446,ANDREWS,L615022,u8462,ROSE,Yes. In an hour or so... all this... will be at the bottom of the Atlantic.,titanic,207,Yes. In an hour or so... all this... will be at the bottom of the Atlantic.,1,1,constraint,constraint:high,_cue_constraint_longish|_cue_constraint_terminology_heavy|_cue_constraint_fragmented,True,False,False,False,False,False,True,False,False,False
titanic.zip,dialogue_metadata_with_listener.csv,207,titanic,m574,L615025,L615026,,u8462,ROSE,L615025,u8446,ANDREWS,"Yes, I understand. Thank you.",titanic,208,"Yes, I understand. Thank you.",0,0,,,,False,True,False,False,False,False,False,False,False,False
titanic.zip,dialogue_metadata_with_listener.csv,208,titanic,m574,L615058,L615059,,u8450,CAL,L615058,u8462,ROSE,Not the better half.,titanic,209,Not the better half.,0,0,,,,False,True,False,False,False,False,False,False,False,False
titanic.zip,dialogue_metadata_with_listener.csv,209,titanic,m574,L615063,L615064,,u8462,ROSE,L615063,u8463,RUTH,"Goodbye, mother.",titanic,210,"Goodbye, mother.",1,1,ambiguity,ambiguity:medium,_cue_ambiguity_fragment,True,False,False,False,False,False,False,False,False,True
titanic.zip,dialogue_metadata_with_listener.csv,210,titanic,m574,L615065,L615066,,u8462,ROSE,L615065,u8450,CAL,I'd rather be his whore than your wife.,titanic,211,I'd rather be his whore than your wife.,0,0,,,,False,True,False,False,False,False,False,False,False,False
titanic.zip,dialogue_metadata_with_listener.csv,211,titanic,m574,L615071,L615072,,u8461,MOLLY,L615071,u8453,HITCHINS,"Ain't you boys ever rowed before? Here, gimme those oars. I'll show ya how it's done.",titanic,212,"Ain't you boys ever rowed before? Here, gimme those oars. I'll show ya how it's done.",1,3,register|constraint|terminology,register:medium|constraint:medium|terminology:high,_cue_register_colloquial_strong|_cue_constraint_longish|_cue_constraint_terminology_heavy|_cue_terminology_rare_strong|_cue_terminology_domain_combo,True,False,False,False,False,True,True,False,True,False
titanic.zip,dialogue_metadata_with_listener.csv,212,titanic,m574,L615076,L615077,,u8446,ANDREWS,L615076,u8462,ROSE,What? You have to get to a boat right away!,titanic,213,What? You have to get to a boat right away!,0,0,,,,False,True,False,False,False,False,False,False,False,False
titanic.zip,dialogue_metadata_with_listener.csv,213,titanic,m574,L615076,L615078,,u8462,ROSE,L615077,u8446,ANDREWS,"No! I'll do this with or without your help, sir. But without will take longer.",titanic,214,"No! I'll do this with or without your help, sir. But without will take longer.",0,0,,,,False,True,False,False,False,False,False,False,False,False
titanic.zip,dialogue_metadata_with_listener.csv,214,titanic,m574,L615076,L615079,,u8446,ANDREWS,L615078,u8462,ROSE,"Take the elevator to the very bottom, go left, down the crewman's passage, then make a right.",titanic,215,"Take the elevator to the very bottom, go left, down the crewman's passage, then make a right.",1,1,constraint,constraint:high,_cue_constraint_longish|_cue_constraint_terminology_heavy|_cue_constraint_fragmented,True,False,False,False,False,False,True,False,False,False
titanic.zip,dialogue_metadata_with_listener.csv,215,titanic,m574,L615076,L615080,,u8462,ROSE,L615079,u8446,ANDREWS,"Bottom, left, right. I have it.",titanic,216,"Bottom, left, right. I have it.",0,0,,,,False,True,False,False,False,False,False,False,False,False
titanic.zip,dialogue_metadata_with_listener.csv,216,titanic,m574,L615076,L615081,,u8446,ANDREWS,L615080,u8462,ROSE,"Hurry, Rose.",titanic,217,"Hurry, Rose.",1,1,ambiguity,ambiguity:medium,_cue_ambiguity_fragment,True,False,False,False,False,False,False,False,False,True
titanic.zip,dialogue_metadata_with_listener.csv,217,titanic,m574,L615090,L615091,,u8462,ROSE,L615090,u8455,JACK,"I know, I know.",titanic,218,"I know, I know.",0,0,,,,False,True,False,False,False,False,False,False,False,False
titanic.zip,dialogue_metadata_with_listener.csv,218,titanic,m574,L615090,L615092,,u8455,JACK,L615091,u8462,ROSE,See if you can find a key for these. Try those drawers. It's a little brass one.,titanic,219,See if you can find a key for these. Try those drawers. It's a little brass one.,1,1,social,social:medium,_cue_social_addressed_command,True,False,False,False,True,False,False,False,False,False
titanic.zip,dialogue_metadata_with_listener.csv,219,titanic,m574,L615093,L615094,,u8462,ROSE,L615093,u8455,JACK,I didn't.  I just realized I already knew.,titanic,220,I didn't.  I just realized I already knew.,0,0,,,,False,True,False,False,False,False,False,False,False,False
titanic.zip,dialogue_metadata_with_listener.csv,220,titanic,m574,L615097,L615098,,u8462,ROSE,L615097,u8455,JACK,I'll be right back.,titanic,221,I'll be right back.,0,0,,,,False,True,False,False,False,False,False,False,False,False
titanic.zip,dialogue_metadata_with_listener.csv,221,titanic,m574,L615097,L615099,,u8455,JACK,L615098,u8462,ROSE,I'll wait here.,titanic,222,I'll wait here.,1,1,ambiguity,ambiguity:medium,_cue_ambiguity_deictic|_cue_ambiguity_underspecified_short,True,False,False,False,False,False,False,False,False,True
titanic.zip,dialogue_metadata_with_listener.csv,222,titanic,m574,L615108,L615109,,u8455,JACK,L615108,u8462,ROSE,We'll find out.,titanic,223,We'll find out.,1,1,idiomatic,,cat1_pv_opaque=find out,True,False,True,False,False,False,False,False,False,False
titanic.zip,dialogue_metadata_with_listener.csv,223,titanic,m574,L615128,L615129,,u8450,CAL,L615128,u8459,LOVEJOY,We're running out of time. And this strutting martinet...  ...isn't letting any men in at all.,titanic,224,We're running out of time. And this strutting martinet...  ...isn't letting any men in at all.,1,3,idiomatic|constraint|terminology,constraint:high|terminology:medium,cat1_pv_opaque=run out|_cue_constraint_longish|_cue_constraint_terminology_heavy|_cue_constraint_fragmented|_cue_terminology_domain_combo,True,False,True,False,False,False,True,False,True,False
titanic.zip,dialogue_metadata_with_listener.csv,224,titanic,m574,L615128,L615130,,u8459,LOVEJOY,L615129,u8450,CAL,The one on the other side is letting men in.,titanic,225,The one on the other side is letting men in.,0,0,,,,False,True,False,False,False,False,False,False,False,False
titanic.zip,dialogue_metadata_with_listener.csv,225,titanic,m574,L615128,L615131,,u8450,CAL,L615130,u8459,LOVEJOY,Then that's our play. But we're still going to need some insurance.  Come on.,titanic,226,Then that's our play. But we're still going to need some insurance.  Come on.,0,0,,,,False,True,False,False,False,False,False,False,False,False
titanic.zip,dialogue_metadata_with_listener.csv,226,titanic,m574,L615136,L615137,,u8455,JACK,L615136,u8451,FABRIZIO,We gotta get up there or we're gonna be gargling saltwater. Where's Tommy?,titanic,227,We gotta get up there or we're gonna be gargling saltwater. Where's Tommy?,1,3,register|constraint|terminology,register:medium|constraint:medium|terminology:high,_cue_register_colloquial_strong|_cue_constraint_longish|_cue_constraint_terminology_heavy|_cue_terminology_rare_strong|_cue_terminology_domain_combo,True,False,False,False,False,True,True,False,True,False
titanic.zip,dialogue_metadata_with_listener.csv,227,titanic,m574,L615146,L615147,,u8459,LOVEJOY,L615146,u8450,CAL,So do I.,titanic,228,So do I.,1,2,pragmatic|ambiguity,ambiguity:medium,cat2_discourse_markers|_cue_ambiguity_fragment,True,False,False,True,False,False,False,False,False,True
titanic.zip,dialogue_metadata_with_listener.csv,228,titanic,m574,L615153,L615154,,u8461,MOLLY,L615153,u8453,HITCHINS,We got room for lots more. I say we go back.,titanic,229,We got room for lots more. I say we go back.,0,0,,,,False,True,False,False,False,False,False,False,False,False
titanic.zip,dialogue_metadata_with_listener.csv,229,titanic,m574,L615153,L615155,,u8453,HITCHINS,L615154,u8461,MOLLY,"No! It's our lives now, not theirs. And I'm in charge of this boat! Now row!!",titanic,230,"No! It's our lives now, not theirs. And I'm in charge of this boat! Now row!!",0,0,,,,False,True,False,False,False,False,False,False,False,False
titanic.zip,dialogue_metadata_with_listener.csv,230,titanic,m574,L615163,L615164,,u8459,LOVEJOY,L615163,u8450,CAL,There are still some boats forward. Stay with this one... Murdoch. He seems to be quite... practical.,titanic,231,There are still some boats forward. Stay with this one... Murdoch. He seems to be quite... practical.,1,1,constraint,constraint:medium,_cue_constraint_longish|_cue_constraint_fragmented,True,False,False,False,False,False,True,False,False,False
titanic.zip,dialogue_metadata_with_listener.csv,231,titanic,m574,L615183,L615184,,u8455,JACK,L615183,u8462,ROSE,"Get in the boat, Rose.",titanic,232,"Get in the boat, Rose.",0,0,,,,False,True,False,False,False,False,False,False,False,False
titanic.zip,dialogue_metadata_with_listener.csv,232,titanic,m574,L615190,L615191,,u8455,JACK,L615190,u8450,CAL,I'll be alright. Hurry up so we can get going... we got our own boat to catch.,titanic,233,I'll be alright. Hurry up so we can get going... we got our own boat to catch.,1,1,constraint,constraint:medium,_cue_constraint_longish|_cue_constraint_fragmented,True,False,False,False,False,False,True,False,False,False
titanic.zip,dialogue_metadata_with_listener.csv,233,titanic,m574,L615190,L615192,,u8450,CAL,L615191,u8455,JACK,"Get in... hurry up, it's almost full.",titanic,234,"Get in... hurry up, it's almost full.",0,0,,,,False,True,False,False,False,False,False,False,False,False
titanic.zip,dialogue_metadata_with_listener.csv,234,titanic,m574,L615194,L615195,,u8455,JACK,L615194,u8450,CAL,Almost as good as you.,titanic,235,Almost as good as you.,0,0,,,,False,True,False,False,False,False,False,False,False,False
titanic.zip,dialogue_metadata_with_listener.csv,235,titanic,m574,L615194,L615196,,u8450,CAL,L615195,u8455,JACK,"I always win, Jack. One way or another.  Pity I didn't keep that drawing. It's going to be worth a lot more by morning.",titanic,236,"I always win, Jack. One way or another.  Pity I didn't keep that drawing. It's going to be worth a lot more by morning.",1,2,constraint|terminology,constraint:high|terminology:medium,_cue_constraint_longish|_cue_constraint_very_long|_cue_constraint_terminology_heavy|_cue_terminology_entity_combo,True,False,False,False,False,False,True,False,True,False
titanic.zip,dialogue_metadata_with_listener.csv,236,titanic,m574,L615199,L615200,,u8455,JACK,L615199,u8462,ROSE,Right.,titanic,237,Right.,0,0,,,,False,True,False,False,False,False,False,False,False,False
titanic.zip,dialogue_metadata_with_listener.csv,237,titanic,m574,L615202,L615203,,u8450,CAL,L615202,u8459,LOVEJOY,I put the diamond in my coat pocket. And I put my coat... on her.,titanic,238,I put the diamond in my coat pocket. And I put my coat... on her.,1,1,constraint,constraint:medium,_cue_constraint_longish|_cue_constraint_fragmented,True,False,False,False,False,False,True,False,False,False
titanic.zip,dialogue_metadata_with_listener.csv,238,titanic,m574,L615224,L615225,,u8446,ANDREWS,L615224,u8462,ROSE,"I'm sorry that I didn't build you a stronger ship, young Rose.",titanic,239,"I'm sorry that I didn't build you a stronger ship, young Rose.",1,1,social,social:medium,_cue_social_request_form,True,False,False,False,True,False,False,False,False,False
titanic.zip,dialogue_metadata_with_listener.csv,239,titanic,m574,L615227,L615228,,u8462,ROSE,L615227,u8446,ANDREWS,"And to you, Mr. Andrews.",titanic,240,"And to you, Mr. Andrews.",0,0,,,,False,True,False,False,False,False,False,False,False,False
titanic.zip,dialogue_metadata_with_listener.csv,240,titanic,m574,L615251,L615252,,u8462,ROSE,L615251,u8455,JACK,It's so cold.,titanic,241,It's so cold.,0,0,,,,False,True,False,False,False,False,False,False,False,False
titanic.zip,dialogue_metadata_with_listener.csv,241,titanic,m574,L615251,L615253,,u8455,JACK,L615252,u8462,ROSE,"I know. I know. Help me, here. Look around.",titanic,242,"I know. I know. Help me, here. Look around.",0,0,,,,False,True,False,False,False,False,False,False,False,False
titanic.zip,dialogue_metadata_with_listener.csv,242,titanic,m574,L615266,L615267,,u8461,MOLLY,L615266,u8453,HITCHINS,"Aw knock it off, yer scarin' me. Come on girls, grab your oars. Let's go.  Well come on!",titanic,243,"Aw knock it off, yer scarin' me. Come on girls, grab your oars. Let's go.  Well come on!",1,3,social|constraint|terminology,social:medium|constraint:high|terminology:high,_cue_social_addressed_command|_cue_constraint_longish|_cue_constraint_very_long|_cue_constraint_terminology_heavy|_cue_terminology_rare_strong|_cue_terminology_domain_combo,True,False,False,False,True,False,True,False,True,False
titanic.zip,dialogue_metadata_with_listener.csv,243,titanic,m574,L615268,L615269,,u8453,HITCHINS,L615268,u8461,MOLLY,"If you don't shut that hole in yer face, there'll be one less in this boat!",titanic,244,"If you don't shut that hole in yer face, there'll be one less in this boat!",0,0,,,,False,True,False,False,False,False,False,False,False,False
titanic.zip,dialogue_metadata_with_listener.csv,244,titanic,m574,L615272,L615273,,u8455,JACK,L615272,u8462,ROSE,Just a few more minutes. It'll take them a while to get the boats organized...,titanic,245,Just a few more minutes. It'll take them a while to get the boats organized...,1,1,constraint,constraint:medium,_cue_constraint_longish|_cue_constraint_fragmented,True,False,False,False,False,False,True,False,False,False
titanic.zip,dialogue_metadata_with_listener.csv,245,titanic,m574,L615276,L615277,,u8462,ROSE,L615276,u8455,JACK,I'm so cold.,titanic,246,I'm so cold.,0,0,,,,False,True,False,False,False,False,False,False,False,False
titanic.zip,dialogue_metadata_with_listener.csv,246,titanic,m574,L615276,L615278,,u8455,JACK,L615277,u8462,ROSE,"You're going to get out of this... you're going to go on and you're going to make babies and watch them grow and you're going to die an old lady, warm in your bed. Not here. Not this night. Do you understand me?",titanic,247,"You're going to get out of this... you're going to go on and you're going to make babies and watch them grow and you're going to die an old lady, warm in your bed. Not here. Not this night. Do you understand me?",1,1,constraint,constraint:high,_cue_constraint_longish|_cue_constraint_very_long|_cue_constraint_fragmented,True,False,False,False,False,False,True,False,False,False
titanic.zip,dialogue_metadata_with_listener.csv,247,titanic,m574,L615276,L615279,,u8462,ROSE,L615278,u8455,JACK,I can't feel my body.,titanic,248,I can't feel my body.,0,0,,,,False,True,False,False,False,False,False,False,False,False
titanic.zip,dialogue_metadata_with_listener.csv,248,titanic,m574,L615276,L615280,,u8455,JACK,L615279,u8462,ROSE,"Rose, listen to me. Listen. Winning that ticket was the best thing that ever happened to me.",titanic,249,"Rose, listen to me. Listen. Winning that ticket was the best thing that ever happened to me.",0,0,,,,False,True,False,False,False,False,False,False,False,False
titanic.zip,dialogue_metadata_with_listener.csv,249,titanic,m574,L615282,L615283,,u8462,ROSE,L615282,u8455,JACK,I promise.,titanic,250,I promise.,1,1,ambiguity,ambiguity:medium,_cue_ambiguity_pronoun_heavy,True,False,False,False,False,False,False,False,False,True
titanic.zip,dialogue_metadata_with_listener.csv,250,titanic,m574,L615282,L615284,,u8455,JACK,L615283,u8462,ROSE,Never let go.,titanic,251,Never let go.,1,1,ambiguity,ambiguity:medium,_cue_ambiguity_fragment,True,False,False,False,False,False,False,False,False,True
titanic.zip,dialogue_metadata_with_listener.csv,251,titanic,m574,L615282,L615285,,u8462,ROSE,L615284,u8455,JACK,"I promise. I will never let go, Jack. I'll never let go.",titanic,252,"I promise. I will never let go, Jack. I'll never let go.",0,0,,,,False,True,False,False,False,False,False,False,False,False
titanic.zip,dialogue_metadata_with_listener.csv,252,titanic,m574,L615296,L615297,,u8450,CAL,L615296,u8462,ROSE,Rose... your mother and I have been looking for you --,titanic,253,Rose... your mother and I have been looking for you --,0,0,,,,False,True,False,False,False,False,False,False,False,False
titanic.zip,dialogue_metadata_with_listener.csv,253,titanic,m574,L615299,L615300,,u8450,CAL,L615299,u8462,ROSE,What do I tell your mother?,titanic,254,What do I tell your mother?,0,0,,,,False,True,False,False,False,False,False,False,False,False
titanic.zip,dialogue_metadata_with_listener.csv,254,titanic,m574,L615299,L615301,,u8462,ROSE,L615300,u8450,CAL,Tell her that her daughter died with the Titanic.,titanic,255,Tell her that her daughter died with the Titanic.,0,0,,,,False,True,False,False,False,False,False,False,False,False
titanic.zip,dialogue_metadata_with_listener.csv,255,titanic,m574,L615302,L615303,,u8462,ROSE,L615302,u8450,CAL,"Jewels are precious. Goodbye, Mr. Hockley.",titanic,256,"Jewels are precious. Goodbye, Mr. Hockley.",1,1,terminology,terminology:medium,_cue_terminology_domain_combo,True,False,False,False,False,False,False,False,True,False
titanic.zip,dialogue_metadata_with_listener.csv,256,titanic,m574,L615311,L615312,,u8460,LOVETT,L615311,u8458,LIZZY,We were pissin' in the wind the whole time.,titanic,257,We were pissin' in the wind the whole time.,0,0,,,,False,True,False,False,False,False,False,False,False,False
titanic.zip,dialogue_metadata_with_listener.csv,257,titanic,m574,L615315,L615316,,u8460,LOVETT,L615315,u8462,ROSE,You had it the entire time?!,titanic,258,You had it the entire time?!,0,0,,,,False,True,False,False,False,False,False,False,False,False
titanic.zip,dialogue_metadata_with_listener.csv,258,titanic,m574,L615318,L615319,,u8460,LOVETT,L615318,u8447,BODINE,Don't drop it Rose.,titanic,259,Don't drop it Rose.,1,1,ambiguity,ambiguity:medium,_cue_ambiguity_fragment,True,False,False,False,False,False,False,False,False,True
titanic.zip,dialogue_metadata_with_listener.csv,259,titanic,m574,L615318,L615320,,u8447,BODINE,L615319,u8460,LOVETT,Rush her.,titanic,260,Rush her.,1,1,ambiguity,ambiguity:high,_cue_ambiguity_pronoun_heavy|_cue_ambiguity_fragment,True,False,False,False,False,False,False,False,False,True
titanic.zip,dialogue_metadata_with_listener.csv,260,titanic,m574,L615318,L615321,,u8460,LOVETT,L615320,u8447,BODINE,"It's hers, you schmuck.  Look, Rose, I... I don't know what to say to a woman who tries to jump off the Titanic when it's not sinking, and jumps back onto it when it is... we're not dealing with logic here, I know that... but please... think about this a second.",titanic,261,"It's hers, you schmuck.  Look, Rose, I... I don't know what to say to a woman who tries to jump off the Titanic when it's not sinking, and jumps back onto it when it is... we're not dealing with logic here, I know that... but please... think about this a second.",1,4,idiomatic|social|constraint|terminology,social:medium|constraint:high|terminology:high,cat1_pv_opaque=deal with|_cue_social_request_form|_cue_constraint_longish|_cue_constraint_very_long|_cue_constraint_terminology_heavy|_cue_constraint_fragmented|_cue_terminology_rare_strong|_cue_terminology_entity_combo|_cue_terminology_domain_combo,True,False,True,False,True,False,True,False,True,False
