movie_name,movie_idx,conversation_id,utterance_id,timestamp,turn_index,utterance_order,speaker_id,speaker_name,reply_to,listener_id,listener_name,text
mrs brown,m446,L396374,L396374,,0,0,u6701,PONSONBY,,,,"A fine choice, sir."
mrs brown,m446,L396374,L396375,,1,1,u6699,JENNER,L396374,u6701,PONSONBY,Excellent!
mrs brown,m446,L396379,L396379,,0,0,u6700,LADY ELY,,,,"The Royal Family and senior members of the household, ma'am."
mrs brown,m446,L396379,L396380,,1,1,u6704,VICTORIA,L396379,u6700,LADY ELY,Just them?
mrs brown,m446,L396379,L396381,,2,2,u6700,LADY ELY,L396380,u6704,VICTORIA,"Yes, ma'am."
mrs brown,m446,L396382,L396382,,0,0,u6699,JENNER,,,,"We're expecting Brown this afternoon, ma'am."
mrs brown,m446,L396382,L396383,,1,1,u6704,VICTORIA,L396382,u6699,JENNER,Whom?
mrs brown,m446,L396384,L396384,,0,0,u6704,VICTORIA,,,,"That's a very pretty shawl you are wearing, Alex. Silk suits you well. But you are not eating enough. One must not let vanity overrule one's appetite."
mrs brown,m446,L396384,L396385,,1,1,u6702,PRINCESS ALEXANDRA,L396384,u6704,VICTORIA,"Yes, ma'am."
mrs brown,m446,L396387,L396387,,0,0,u6701,PONSONBY,,,,"Her Majesty's routine at Osborne House is not as you will remember it. The Household remains in full mourning and no-one is permitted to raise their voice under any circumstances whatsoever. As for the Queen's routine, she breakfasts at nine thirty, lunches at two,takes tea at five thirty and dinner at eight forty five. No one is allowed to leave the building while the Queen is at home. On the rare occasions when she is out, you may ask permission to leave, but only with my consent. You're to be ready to walk the pony at any time after ten o'clock. You'll clean her outdoor things and do any odd jobs as and when she requires."
mrs brown,m446,L396387,L396388,,1,1,u6696,BROWN,L396387,u6701,PONSONBY,How will I know?
mrs brown,m446,L396387,L396389,,2,2,u6701,PONSONBY,L396388,u6696,BROWN,I'm sorry?
mrs brown,m446,L396387,L396390,,3,3,u6696,BROWN,L396389,u6701,PONSONBY,How will I know what she requires?
mrs brown,m446,L396387,L396391,,4,4,u6701,PONSONBY,L396390,u6696,BROWN,You'll be sent a message.
mrs brown,m446,L396387,L396392,,5,5,u6696,BROWN,L396391,u6701,PONSONBY,Who'll bring it to me?
mrs brown,m446,L396387,L396393,,6,6,u6701,PONSONBY,L396392,u6696,BROWN,Her Highness' Equerry.
mrs brown,m446,L396387,L396394,,7,7,u6696,BROWN,L396393,u6701,PONSONBY,I need a man who knows where I am.
mrs brown,m446,L396387,L396395,,8,8,u6701,PONSONBY,L396394,u6696,BROWN,I'm sure it won't be difficult to find you.
mrs brown,m446,L396387,L396396,,9,9,u6696,BROWN,L396395,u6701,PONSONBY,That's not good enough.
mrs brown,m446,L396397,L396397,,0,0,u6701,PONSONBY,,,,Then we'll have to see what can be arranged.
mrs brown,m446,L396397,L396398,,1,1,u6696,BROWN,L396397,u6701,PONSONBY,"Aye, do."
mrs brown,m446,L396399,L396399,,0,0,u6701,PONSONBY,,,,There is to be no communication with other members of the household on matters concerning the court except through myself or one of the Equerries. No plans must be altered unless you are given prior authority by myself or a senior member of the household.
mrs brown,m446,L396399,L396400,,1,1,u6696,BROWN,L396399,u6701,PONSONBY,I came down at the Queen's request. I'll take my orders from her.
mrs brown,m446,L396399,L396401,,2,2,u6701,PONSONBY,L396400,u6696,BROWN,"In matters concerning the Household, I act on her behalf."
mrs brown,m446,L396402,L396402,,0,0,u6696,BROWN,,,,Do you?
mrs brown,m446,L396402,L396403,,1,1,u6701,PONSONBY,L396402,u6696,BROWN,Yes. I do.
mrs brown,m446,L396407,L396407,,0,0,u6704,VICTORIA,,,,Mr Brown.
mrs brown,m446,L396407,L396408,,1,1,u6696,BROWN,L396407,u6704,VICTORIA,Ma'am.
mrs brown,m446,L396407,L396409,,2,2,u6704,VICTORIA,L396408,u6696,BROWN,You are here safely.
mrs brown,m446,L396407,L396410,,3,3,u6696,BROWN,L396409,u6704,VICTORIA,"Aye, ma'am."
mrs brown,m446,L396407,L396411,,4,4,u6704,VICTORIA,L396410,u6696,BROWN,You are well?
mrs brown,m446,L396407,L396412,,5,5,u6696,BROWN,L396411,u6704,VICTORIA,I am.
mrs brown,m446,L396407,L396413,,6,6,u6704,VICTORIA,L396412,u6696,BROWN,And the pony?
mrs brown,m446,L396407,L396414,,7,7,u6696,BROWN,L396413,u6704,VICTORIA,"She's well, too."
mrs brown,m446,L396415,L396415,,0,0,u6704,VICTORIA,,,,Your family sent cards. It was much appreciated.
mrs brown,m446,L396415,L396416,,1,1,u6696,BROWN,L396415,u6704,VICTORIA,I'm glad of it.
mrs brown,m446,L396417,L396417,,0,0,u6704,VICTORIA,,,,"My husband was always very complimentary in speaking of you. He would have approved, I am sure, of my calling on you in this way. I trust it does not inconvenience you too much."
mrs brown,m446,L396417,L396418,,1,1,u6696,BROWN,L396417,u6704,VICTORIA,"I've no family, ma'am, apart from my brothers and sisters."
mrs brown,m446,L396417,L396419,,2,2,u6704,VICTORIA,L396418,u6696,BROWN,"Yes. You have a brother in service here, do you not? I forget his name."
mrs brown,m446,L396417,L396420,,3,3,u6696,BROWN,L396419,u6704,VICTORIA,Archie.
mrs brown,m446,L396417,L396421,,4,4,u6704,VICTORIA,L396420,u6696,BROWN,Yes. That will be company for you.
mrs brown,m446,L396417,L396422,,5,5,u6696,BROWN,L396421,u6704,VICTORIA,"Yes, ma'am."
mrs brown,m446,L396426,L396426,,0,0,u6696,BROWN,,,,So?
mrs brown,m446,L396426,L396427,,1,1,u6691,ARCHIE,L396426,u6696,BROWN,"So, there are rules. Things you do and things you don't do."
mrs brown,m446,L396426,L396428,,2,2,u6696,BROWN,L396427,u6691,ARCHIE,"I was just telling the woman how I feel, for God's sake."
mrs brown,m446,L396426,L396429,,3,3,u6691,ARCHIE,L396428,u6696,BROWN,You don't tell Her Majesty how you feel.
mrs brown,m446,L396426,L396430,,4,4,u6696,BROWN,L396429,u6691,ARCHIE,"I speak as I find, Archie."
mrs brown,m446,L396426,L396431,,5,5,u6691,ARCHIE,L396430,u6696,BROWN,Not down south you don't.
mrs brown,m446,L396432,L396432,,0,0,u6691,ARCHIE,,,,So what did Ponsonby do when she started shouting?
mrs brown,m446,L396432,L396433,,1,1,u6696,BROWN,L396432,u6691,ARCHIE,I think he nearly ruptured his truss.
mrs brown,m446,L396434,L396434,,0,0,u6696,BROWN,,,,How much?
mrs brown,m446,L396434,L396435,,1,1,u6691,ARCHIE,L396434,u6696,BROWN,Seventy a year.
mrs brown,m446,L396434,L396436,,2,2,u6696,BROWN,L396435,u6691,ARCHIE,"Not bad, not bad."
mrs brown,m446,L396434,L396437,,3,3,u6691,ARCHIE,L396436,u6696,BROWN,How about yourself?
mrs brown,m446,L396434,L396438,,4,4,u6696,BROWN,L396437,u6691,ARCHIE,Sixty.
mrs brown,m446,L396434,L396439,,5,5,u6691,ARCHIE,L396438,u6696,BROWN,That's pretty good for a ghillie.
mrs brown,m446,L396440,L396440,,0,0,u6696,BROWN,,,,Prince Leopold? Is he the one who bleeds all day? So what does his valet do? Wash his poultices for him?
mrs brown,m446,L396440,L396441,,1,1,u6691,ARCHIE,L396440,u6696,BROWN,It's better than shovelling horse shit.
mrs brown,m446,L396440,L396442,,2,2,u6696,BROWN,L396441,u6691,ARCHIE,"If you were looking for promotion, you should have picked one of the healthier ones."
mrs brown,m446,L396440,L396443,,3,3,u6691,ARCHIE,L396442,u6696,BROWN,She's hardly a full hamper herself.
mrs brown,m446,L396440,L396444,,4,4,u6696,BROWN,L396443,u6691,ARCHIE,It's only grief makes her like she is.
mrs brown,m446,L396440,L396445,,5,5,u6691,ARCHIE,L396444,u6696,BROWN,"Three years, John. Is that not a bit long to be grieving?"
mrs brown,m446,L396440,L396446,,6,6,u6696,BROWN,L396445,u6691,ARCHIE,She loved him.
mrs brown,m446,L396440,L396447,,7,7,u6691,ARCHIE,L396446,u6696,BROWN,"Come on, man. There's love and there's ..."
mrs brown,m446,L396440,L396448,,8,8,u6696,BROWN,L396447,u6691,ARCHIE,What?
mrs brown,m446,L396440,L396449,,9,9,u6691,ARCHIE,L396448,u6696,BROWN,You know what I mean.
mrs brown,m446,L396440,L396450,,10,10,u6696,BROWN,L396449,u6691,ARCHIE,"I'm not sure I do, Archie."
mrs brown,m446,L396440,L396451,,11,11,u6691,ARCHIE,L396450,u6696,BROWN,There's love and there's behaving like you do because there's nobody to tell you not to.
mrs brown,m446,L396452,L396452,,0,0,u6696,BROWN,,,,Which one of us is she flirting with?
mrs brown,m446,L396452,L396453,,1,1,u6691,ARCHIE,L396452,u6696,BROWN,The good-looking one.
mrs brown,m446,L396452,L396454,,2,2,u6696,BROWN,L396453,u6691,ARCHIE,Aye? Then she's obviously not got enough to do.
mrs brown,m446,L396452,L396455,,3,3,u6691,ARCHIE,L396454,u6696,BROWN,"You work the system right, you could ask her yourself. Just be thankful you're not working for Household. The Queen never lets them out of her sight. But wee spats like us can slip through the net, easy."
mrs brown,m446,L396458,L396458,,0,0,u6700,LADY ELY,,,,"It's Mr Brown, ma'am."
mrs brown,m446,L396458,L396459,,1,1,u6704,VICTORIA,L396458,u6700,LADY ELY,What is he doing there?
mrs brown,m446,L396458,L396460,,2,2,u6700,LADY ELY,L396459,u6704,VICTORIA,He appears to be ... standing by his horse.
mrs brown,m446,L396458,L396461,,3,3,u6704,VICTORIA,L396460,u6700,LADY ELY,I made no request to go out riding today. How long has he been there?
mrs brown,m446,L396458,L396462,,4,4,u6700,LADY ELY,L396461,u6704,VICTORIA,"I don't know, ma'am. He was observed earlier, I believe."
mrs brown,m446,L396463,L396463,,0,0,u6704,VICTORIA,,,,"Sir Henry, Mr Brown is standing in the courtyard. I have no wish to go riding."
mrs brown,m446,L396463,L396464,,1,1,u6701,PONSONBY,L396463,u6704,VICTORIA,"I'm very sorry, ma'am. I can't imagine -- he was certainly given no instructions."
mrs brown,m446,L396463,L396465,,2,2,u6704,VICTORIA,L396464,u6701,PONSONBY,Please make sure it does not happen again.
mrs brown,m446,L396463,L396466,,3,3,u6701,PONSONBY,L396465,u6704,VICTORIA,"Of course, at once."
mrs brown,m446,L396468,L396468,,0,0,u6696,BROWN,,,,Awaiting my orders.
mrs brown,m446,L396468,L396469,,1,1,u6701,PONSONBY,L396468,u6696,BROWN,You do not report for duty unless the Queen requests it. You know that very well.
mrs brown,m446,L396468,L396470,,2,2,u6696,BROWN,L396469,u6701,PONSONBY,I didn't come all this way to sit on my arse.
mrs brown,m446,L396468,L396471,,3,3,u6701,PONSONBY,L396470,u6696,BROWN,You will await your orders like everyone else. Unless you prefer a repeat of yesterday's little excitement.
mrs brown,m446,L396468,L396472,,4,4,u6696,BROWN,L396471,u6701,PONSONBY,No.
mrs brown,m446,L396468,L396473,,5,5,u6701,PONSONBY,L396472,u6696,BROWN,I beg your pardon?
mrs brown,m446,L396474,L396474,,0,0,u6701,PONSONBY,,,,I thought I made myself perfectly clear. You do not leave your room until Her Majesty requests it.
mrs brown,m446,L396474,L396475,,1,1,u6696,BROWN,L396474,u6701,PONSONBY,"Well, you tell Her Majesty from me, if her husband was here now, he'd have had her out of that house and getting some air in her. What the hell's the point in me being here otherwise?!"
mrs brown,m446,L396476,L396476,,0,0,u6701,PONSONBY,,,,Go inside at once.
mrs brown,m446,L396476,L396477,,1,1,u6696,BROWN,L396476,u6701,PONSONBY,Is that the Queen's request?
mrs brown,m446,L396476,L396478,,2,2,u6701,PONSONBY,L396477,u6696,BROWN,"Yes, it most certainly is!"
mrs brown,m446,L396479,L396479,,0,0,u6704,VICTORIA,,,,Mr Brown.
mrs brown,m446,L396479,L396480,,1,1,u6696,BROWN,L396479,u6704,VICTORIA,"Yes, ma'am."
mrs brown,m446,L396479,L396481,,2,2,u6704,VICTORIA,L396480,u6696,BROWN,You have been told repeatedly not to stand in the courtyard unless requested to do so.
mrs brown,m446,L396479,L396482,,3,3,u6696,BROWN,L396481,u6704,VICTORIA,"Yes, ma'am."
mrs brown,m446,L396479,L396483,,4,4,u6704,VICTORIA,L396482,u6696,BROWN,Then why do you persist in doing it?
mrs brown,m446,L396479,L396484,,5,5,u6696,BROWN,L396483,u6704,VICTORIA,"Because I think Her Majesty is wrong. If ever there was a poor soul who needed fresh air, it is her."
mrs brown,m446,L396485,L396485,,0,0,u6704,VICTORIA,,,,The Queen will ride out if and when she chooses.
mrs brown,m446,L396485,L396486,,1,1,u6696,BROWN,L396485,u6704,VICTORIA,And I intend to be there when she's ready.
mrs brown,m446,L396487,L396487,,0,0,u6704,VICTORIA,,,,Prince Albert was going to build a bench here. He thought it one of the best views in Osborne.
mrs brown,m446,L396487,L396488,,1,1,u6696,BROWN,L396487,u6704,VICTORIA,"It's a fine spot, ma'am."
mrs brown,m446,L396487,L396489,,2,2,u6704,VICTORIA,L396488,u6696,BROWN,"He thought so, yes."
mrs brown,m446,L396491,L396491,,0,0,u6696,BROWN,,,,"If Prince Albert were here today, he'd tell him a thing or two."
mrs brown,m446,L396491,L396492,,1,1,u6704,VICTORIA,L396491,u6696,BROWN,Sir Henry is not alone. They all wish it. The same people who refused to grant my husband the title of King because he was deemed of insufficient rank--
mrs brown,m446,L396493,L396493,,0,0,u6704,VICTORIA,,,,"It is a fine spot for a bench, is it not?"
mrs brown,m446,L396493,L396494,,1,1,u6696,BROWN,L396493,u6704,VICTORIA,"Aye, ma'am."
mrs brown,m446,L396493,L396495,,2,2,u6704,VICTORIA,L396494,u6696,BROWN,Yes.
mrs brown,m446,L396499,L396499,,0,0,u6695,BERTIE'S VALET,,,,"Mr. Carter, the Head Butler, sits there."
mrs brown,m446,L396499,L396500,,1,1,u6696,BROWN,L396499,u6695,BERTIE'S VALET,Not now he doesn't. This is my place.
mrs brown,m446,L396499,L396501,,2,2,u6695,BERTIE'S VALET,L396500,u6696,BROWN,By whose authority?
mrs brown,m446,L396499,L396502,,3,3,u6696,BROWN,L396501,u6695,BERTIE'S VALET,My own.
mrs brown,m446,L396503,L396503,,0,0,u6695,BERTIE'S VALET,,,,The order of seating at the Upper Servant's table is arranged personally by the Queen herself.
mrs brown,m446,L396503,L396504,,1,1,u6696,BROWN,L396503,u6695,BERTIE'S VALET,"That's a tautology lad. If you say the Queen arranges something, you've no need to say she's done it personally. That's understood."
mrs brown,m446,L396507,L396507,,0,0,u6696,BROWN,,,,What's your name?
mrs brown,m446,L396507,L396508,,1,1,u6692,ASSISTANT DRESSER,L396507,u6696,BROWN,"Mary Taylor, sir."
mrs brown,m446,L396507,L396509,,2,2,u6696,BROWN,L396508,u6692,ASSISTANT DRESSER,"Have I seen you up in Balmoral, Mary?"
mrs brown,m446,L396507,L396510,,3,3,u6692,ASSISTANT DRESSER,L396509,u6696,BROWN,I hope to go up next year.
mrs brown,m446,L396507,L396511,,4,4,u6696,BROWN,L396510,u6692,ASSISTANT DRESSER,"You wouldn't happen to know what the Queen's reading for recreation, would you, Mary?"
mrs brown,m446,L396514,L396514,,0,0,u6701,PONSONBY,,,,"Lord Clarendon arrives, by invitation, at eleven o'clock, followed at twelve by a picnic in the grounds to celebrate Princess Alice's birthday. Dispatches, as usual, at two. The Chancellor writes to say that, by happy coincidence, he will be in Cowes for the weekend. He asks if Your Majesty might grant him an audience."
mrs brown,m446,L396514,L396515,,1,1,u6704,VICTORIA,L396514,u6701,PONSONBY,Why?
mrs brown,m446,L396514,L396516,,2,2,u6701,PONSONBY,L396515,u6704,VICTORIA,"He thought, perhaps, Your Majesty might wish to be informed of the latest developments in government."
mrs brown,m446,L396514,L396517,,3,3,u6704,VICTORIA,L396516,u6701,PONSONBY,No. I shall be out walking.
mrs brown,m446,L396522,L396522,,0,0,u6704,VICTORIA,,,,Gesture?
mrs brown,m446,L396522,L396523,,1,1,u6694,BERTIE,L396522,u6704,VICTORIA,"I thought, a dinner for our ambassadors perhaps?"
mrs brown,m446,L396522,L396524,,2,2,u6704,VICTORIA,L396523,u6694,BERTIE,"No dinners, Bertie. Why are you dressed for outdoors?"
mrs brown,m446,L396522,L396525,,3,3,u6694,BERTIE,L396524,u6704,VICTORIA,It's so infernally cold in here.
mrs brown,m446,L396522,L396526,,4,4,u6704,VICTORIA,L396525,u6694,BERTIE,"Cold is good-- Is that not so, Dr. Jenner?!"
mrs brown,m446,L396527,L396527,,0,0,u6699,JENNER,,,,"I'm sorry, ma'am?"
mrs brown,m446,L396527,L396528,,1,1,u6704,VICTORIA,L396527,u6699,JENNER,Cold is good!
mrs brown,m446,L396527,L396529,,2,2,u6699,JENNER,L396528,u6704,VICTORIA,"Excellent, ma'am, excellent. But perhaps if her Majesty were to consider accompanying her new-found physical vigor with the benefits of mental activity..."
mrs brown,m446,L396527,L396530,,3,3,u6704,VICTORIA,L396529,u6699,JENNER,Why am I being lectured in this way?!
mrs brown,m446,L396527,L396531,,4,4,u6699,JENNER,L396530,u6704,VICTORIA,"Forgive me, Your Majesty. In no way did I wish to suggest--"
mrs brown,m446,L396527,L396532,,5,5,u6704,VICTORIA,L396531,u6699,JENNER,I will not tolerate anybody lecturing me about the responsibility of the monarchy....
mrs brown,m446,L396533,L396533,,0,0,u6694,BERTIE,,,,Mother....
mrs brown,m446,L396533,L396534,,1,1,u6704,VICTORIA,L396533,u6694,BERTIE,... Least of all my son. It was his irresponsibility that drove my husband to his grave.
mrs brown,m446,L396535,L396535,,0,0,u6694,BERTIE,,,,"If it is inconvenient to Her Majesty, then perhaps she might consider allowing the Prince of Wales to host--"
mrs brown,m446,L396535,L396536,,1,1,u6704,VICTORIA,L396535,u6694,BERTIE,I do believe they send so many boxes to taunt me. Doctor Jenner writes to them to say that my nerves are in an extremely fragile state and yet they continue to hound me with box after box after box after box after box!
mrs brown,m446,L396546,L396546,,0,0,u6703,STANLEY,,,,Should we take it seriously?
mrs brown,m446,L396546,L396547,,1,1,u6698,DISRAELI,L396546,u6703,STANLEY,The cartoon or Her Majesty's absenteeism?
mrs brown,m446,L396546,L396548,,2,2,u6703,STANLEY,L396547,u6698,DISRAELI,"Well, both."
mrs brown,m446,L396546,L396549,,3,3,u6698,DISRAELI,L396548,u6703,STANLEY,"The question is, do we need her?"
mrs brown,m446,L396546,L396550,,4,4,u6703,STANLEY,L396549,u6698,DISRAELI,"Surely, you're not suggesting we dispense--"
mrs brown,m446,L396546,L396551,,5,5,u6698,DISRAELI,L396550,u6703,STANLEY,"My dear Stanley, a Prime Minister with only a handful of friends must respect public opinion."
mrs brown,m446,L396552,L396552,,0,0,u6698,DISRAELI,,,,"Gossip counts. Lord Aberdeen was right. This country is not governed by wisdom but by talk. Granted, it wouldn't take much to winkle the old girl out of mourning, but if public opinion is against her, then it doesn't do to appear too close."
mrs brown,m446,L396552,L396553,,1,1,u6703,STANLEY,L396552,u6698,DISRAELI,So?
mrs brown,m446,L396552,L396554,,2,2,u6698,DISRAELI,L396553,u6703,STANLEY,We'll see which way the wind blows.
mrs brown,m446,L396556,L396556,,0,0,u6696,BROWN,,,,"One box of biscuits, one box of drop tablets, one box of pralines, sixteen chocolate sponges. It's the same order every week, but does anybody bother to check it? Now she has to travel all the way to Balmoral without the few luxuries she actually enjoys."
mrs brown,m446,L396556,L396557,,1,1,u6691,ARCHIE,L396556,u6696,BROWN,So? Someone'll send it on ahead.
mrs brown,m446,L396556,L396558,,2,2,u6696,BROWN,L396557,u6691,ARCHIE,"Aye, but will they?"
mrs brown,m446,L396556,L396559,,3,3,u6691,ARCHIE,L396558,u6696,BROWN,"John, it's not your problem what she eats."
mrs brown,m446,L396556,L396560,,4,4,u6696,BROWN,L396559,u6691,ARCHIE,"The woman's surrounded by fools! She has to be packed and ready to leave by seven thirty tomorrow morning. Knowing that lot, they'll still be dressing her at eight."
mrs brown,m446,L396561,L396561,,0,0,u6691,ARCHIE,,,,She's got an army of people to get her up and out.
mrs brown,m446,L396561,L396562,,1,1,u6696,BROWN,L396561,u6691,ARCHIE,But I'm the only one she trusts.
mrs brown,m446,L396563,L396563,,0,0,u6691,ARCHIE,,,,"She'll blow hot and cold on you, John, she always does. You want to be careful."
mrs brown,m446,L396563,L396564,,1,1,u6696,BROWN,L396563,u6691,ARCHIE,I'm on ninety pounds a year plus seventy pounds for a pile of tartan I'd be wearing anyway. That's as much as a Page of the Back Stairs gets and that job's only for toffs. I'm Her Majesty's Highland Servant! Indoors and Out. There's no stopping me now.
mrs brown,m446,L396566,L396566,,0,0,u6704,VICTORIA,,,,What are those?
mrs brown,m446,L396566,L396567,,1,1,u6696,BROWN,L396566,u6704,VICTORIA,What?
mrs brown,m446,L396566,L396568,,2,2,u6704,VICTORIA,L396567,u6696,BROWN,"Those, over there, there."
mrs brown,m446,L396566,L396569,,3,3,u6696,BROWN,L396568,u6704,VICTORIA,Craobhan-geanmchno-fhiadhaich.
mrs brown,m446,L396566,L396570,,4,4,u6704,VICTORIA,L396569,u6696,BROWN,Craobhan-geanmchno... How can I possibly say that with a straight face?!
mrs brown,m446,L396571,L396571,,0,0,u6704,VICTORIA,,,,"I am thinking of publishing my ""Highland Journals."""
mrs brown,m446,L396571,L396572,,1,1,u6696,BROWN,L396571,u6704,VICTORIA,Are they worth reading?
mrs brown,m446,L396571,L396573,,2,2,u6704,VICTORIA,L396572,u6696,BROWN,I am told so.
mrs brown,m446,L396571,L396574,,3,3,u6696,BROWN,L396573,u6704,VICTORIA,Who by?
mrs brown,m446,L396571,L396575,,4,4,u6704,VICTORIA,L396574,u6696,BROWN,Sir Henry Ponsonby tells me they are charming.
mrs brown,m446,L396571,L396576,,5,5,u6696,BROWN,L396575,u6704,VICTORIA,What does he know about the Highlands?
mrs brown,m446,L396571,L396577,,6,6,u6704,VICTORIA,L396576,u6696,BROWN,He has been attending at Balmoral for many years.
mrs brown,m446,L396571,L396578,,7,7,u6696,BROWN,L396577,u6704,VICTORIA,That doesn't make him an expert.
mrs brown,m446,L396571,L396579,,8,8,u6704,VICTORIA,L396578,u6696,BROWN,"His remarks were directed at the quality of the writing, not its subject."
mrs brown,m446,L396571,L396580,,9,9,u6696,BROWN,L396579,u6704,VICTORIA,"I don't groom a horse to have it admired by others, I groom it because it needs grooming."
mrs brown,m446,L396571,L396581,,10,10,u6704,VICTORIA,L396580,u6696,BROWN,I do not do it for others. But Ponsonby thinks they are good.
mrs brown,m446,L396571,L396582,,11,11,u6696,BROWN,L396581,u6704,VICTORIA,"Just say what you have to say, woman. What other people think shouldn't matter to you."
mrs brown,m446,L396571,L396583,,12,12,u6704,VICTORIA,L396582,u6696,BROWN,Of course I shall say what I have to say. I always do.
mrs brown,m446,L396584,L396584,,0,0,u6696,BROWN,,,,"Aye, well, if all you want is a good opinion then he'd be sure to oblige you."
mrs brown,m446,L396584,L396585,,1,1,u6704,VICTORIA,L396584,u6696,BROWN,"What Mr Ponsonby was appreciating was their literary merit, a skill not intimately associated with the knowledge of grooming. Literary appreciation does not begin and end with Tennyson."
mrs brown,m446,L396589,L396589,,0,0,u6696,BROWN,,,,She'll be away on Friday between eight o'clock and six in the evening to visit the Grants in Glasalt. If she's to make the journey there and back in the day she's to have no distractions the night before. She'll take a light supper alone in her private drawing room and retire early.
mrs brown,m446,L396589,L396590,,1,1,u6701,PONSONBY,L396589,u6696,BROWN,She'll need to sign dispatches before she retires.
mrs brown,m446,L396589,L396591,,2,2,u6696,BROWN,L396590,u6701,PONSONBY,That can wait till the weekend.
mrs brown,m446,L396589,L396592,,3,3,u6701,PONSONBY,L396591,u6696,BROWN,There are important papers from --
mrs brown,m446,L396589,L396593,,4,4,u6696,BROWN,L396592,u6701,PONSONBY,It can wait. Anything else?
mrs brown,m446,L396596,L396596,,0,0,u6694,BERTIE,,,,Surely it is for the gentlemen to decide when to stop...
mrs brown,m446,L396596,L396597,,1,1,u6704,VICTORIA,L396596,u6694,BERTIE,"It is a disgusting habit, Bertie. It should be discouraged."
mrs brown,m446,L396596,L396598,,2,2,u6694,BERTIE,L396597,u6704,VICTORIA,"Yes, but isn't midnight a little excessive?"
mrs brown,m446,L396596,L396599,,3,3,u6704,VICTORIA,L396598,u6694,BERTIE,It is quite late enough.
mrs brown,m446,L396596,L396600,,4,4,u6694,BERTIE,L396599,u6704,VICTORIA,"But mama, the room was built expressly for that purpose. It has been a smoking-room by tradition ever since father --"
mrs brown,m446,L396596,L396601,,5,5,u6704,VICTORIA,L396600,u6694,BERTIE,Brown's responsibilities are onerous enough already. He has far too much to do without having to stay up all night waiting for you to go to bed. The smoking-room will be closed and the lights put out at twelve o'clock.
mrs brown,m446,L396596,L396602,,6,6,u6694,BERTIE,L396601,u6704,VICTORIA,Mama...
mrs brown,m446,L396596,L396603,,7,7,u6704,VICTORIA,L396602,u6694,BERTIE,And that is my last word on the matter.
mrs brown,m446,L396596,L396604,,8,8,u6694,BERTIE,L396603,u6704,VICTORIA,"Well, I'm sorry, but I really do think it's too much that the gentlemen of the house should be dictated to by a servant."
mrs brown,m446,L396605,L396605,,0,0,u6696,BROWN,,,,It's the Queen's decision.
mrs brown,m446,L396605,L396606,,1,1,u6694,BERTIE,L396605,u6696,BROWN,I beg your pardon? Mama...?
mrs brown,m446,L396613,L396613,,0,0,u6696,BROWN,,,,They're ready now.
mrs brown,m446,L396613,L396614,,1,1,u6704,VICTORIA,L396613,u6696,BROWN,"I hope they didn't go to any trouble, John."
mrs brown,m446,L396613,L396615,,2,2,u6696,BROWN,L396614,u6704,VICTORIA,"Ah, well..."
mrs brown,m446,L396627,L396627,,0,0,u6703,STANLEY,,,,I see the Prince of Wales is here.
mrs brown,m446,L396627,L396628,,1,1,u6698,DISRAELI,L396627,u6703,STANLEY,I hope he got his mother's permission.
mrs brown,m446,L396644,L396644,,0,0,u6694,BERTIE,,,,Mr Disraeli. Ma'am.
mrs brown,m446,L396644,L396645,,1,1,u6698,DISRAELI,L396644,u6694,BERTIE,Your Royal Highness. What a pleasure to see you here.
mrs brown,m446,L396644,L396646,,2,2,u6694,BERTIE,L396645,u6698,DISRAELI,Have you met Mr Lyle? He's in sugar...?
mrs brown,m446,L396644,L396647,,3,3,u6698,DISRAELI,L396646,u6694,BERTIE,I don't think I've had that pleasure.
mrs brown,m446,L396648,L396648,,0,0,u6694,BERTIE,,,,No doubt you've heard the rumors.
mrs brown,m446,L396648,L396649,,1,1,u6698,DISRAELI,L396648,u6694,BERTIE,"I take no account of gossip, Your Highness."
mrs brown,m446,L396648,L396650,,2,2,u6694,BERTIE,L396649,u6698,DISRAELI,My concern is for the reputation of the Monarchy.
mrs brown,m446,L396648,L396651,,3,3,u6698,DISRAELI,L396650,u6694,BERTIE,Of course.
mrs brown,m446,L396648,L396652,,4,4,u6694,BERTIE,L396651,u6698,DISRAELI,I fear the influence he has on her. The man's word is not to be credited. He is an arriviste of the very lowest water. She's having a bust cast of him. In Nero Marquino marble.
mrs brown,m446,L396648,L396653,,5,5,u6698,DISRAELI,L396652,u6694,BERTIE,I see.
mrs brown,m446,L396648,L396654,,6,6,u6694,BERTIE,L396653,u6698,DISRAELI,"I would talk to her myself, but she won't listen to me. She must be persuaded, by someone she respects, to abandon this ridiculous favoritism before a situation develops."
mrs brown,m446,L396648,L396655,,7,7,u6698,DISRAELI,L396654,u6694,BERTIE,A situation?
mrs brown,m446,L396648,L396656,,8,8,u6694,BERTIE,L396655,u6698,DISRAELI,I don't imagine you frequent the Republican Clubs. But the fact that neither you nor I are members should not blind us to the significance of their existence. The Tory Party has always been our party.
mrs brown,m446,L396648,L396657,,9,9,u6698,DISRAELI,L396656,u6694,BERTIE,I'm flattered you think so.
mrs brown,m446,L396648,L396658,,10,10,u6694,BERTIE,L396657,u6698,DISRAELI,"I tell you, if we don't stick together on this, you could find yourself First President's Opposition. Du Royaum Uni."
mrs brown,m446,L396648,L396659,,11,11,u6698,DISRAELI,L396658,u6694,BERTIE,Quite.
mrs brown,m446,L396661,L396661,,0,0,u6703,STANLEY,,,,What did he want?
mrs brown,m446,L396661,L396662,,1,1,u6698,DISRAELI,L396661,u6703,STANLEY,To know when he'll be king.
mrs brown,m446,L396666,L396666,,0,0,u6704,VICTORIA,,,,We stayed a little longer than expected with Mr and Mrs Grant. It was most agreeable.
mrs brown,m446,L396666,L396667,,1,1,u6701,PONSONBY,L396666,u6704,VICTORIA,We were expecting you to return by six.
mrs brown,m446,L396666,L396668,,2,2,u6704,VICTORIA,L396667,u6701,PONSONBY,And now I am back.
mrs brown,m446,L396669,L396669,,0,0,u6696,BROWN,,,,We took a nip of whiskey.
mrs brown,m446,L396669,L396670,,1,1,u6704,VICTORIA,L396669,u6696,BROWN,To keep out the cold.
mrs brown,m446,L396669,L396671,,2,2,u6696,BROWN,L396670,u6704,VICTORIA,Aye.
mrs brown,m446,L396674,L396674,,0,0,u6699,JENNER,,,,"A distinct flushing around the cheeks. She was drunk, I tell you."
mrs brown,m446,L396674,L396675,,1,1,u6701,PONSONBY,L396674,u6699,JENNER,"No, she wasn't."
mrs brown,m446,L396679,L396679,,0,0,u6704,VICTORIA,,,,"What is it, John? John?"
mrs brown,m446,L396679,L396680,,1,1,u6696,BROWN,L396679,u6704,VICTORIA,I heard something.
mrs brown,m446,L396688,L396688,,0,0,u6696,BROWN,,,,"What happens to John Brown is his business, but the Queen's security will never be compromised!"
mrs brown,m446,L396688,L396689,,1,1,u6695,BERTIE'S VALET,L396688,u6696,BROWN,We --
mrs brown,m446,L396688,L396690,,2,2,u6696,BROWN,L396689,u6695,BERTIE'S VALET,You'll talk when I'm finished!
mrs brown,m446,L396695,L396695,,0,0,u6696,BROWN,,,,"If I find out that you had anything to do with this, I will have you sacked."
mrs brown,m446,L396695,L396696,,1,1,u6701,PONSONBY,L396695,u6696,BROWN,I believe that decision rests with Her Majesty.
mrs brown,m446,L396695,L396697,,2,2,u6696,BROWN,L396696,u6701,PONSONBY,Don't think I can't persuade her.
mrs brown,m446,L396695,L396698,,3,3,u6701,PONSONBY,L396697,u6696,BROWN,I don't doubt that the Queen was highly amused. She has always had a very healthy sense of humor.
mrs brown,m446,L396695,L396699,,4,4,u6696,BROWN,L396698,u6701,PONSONBY,This is a slur on her good name.
mrs brown,m446,L396695,L396700,,5,5,u6701,PONSONBY,L396699,u6696,BROWN,"In as much as the article is about yourself, I think you must now accept that the public has a right to its interest in you."
mrs brown,m446,L396695,L396701,,6,6,u6696,BROWN,L396700,u6701,PONSONBY,Nobody has any rights over me.
mrs brown,m446,L396695,L396702,,7,7,u6701,PONSONBY,L396701,u6696,BROWN,"We are all of us subject to forces beyond our control, Mr Brown, even you."
mrs brown,m446,L396710,L396710,,0,0,u6698,DISRAELI,,,,We're going to lose.
mrs brown,m446,L396710,L396711,,1,1,u6703,STANLEY,L396710,u6698,DISRAELI,You can't know that for sure.
mrs brown,m446,L396710,L396712,,2,2,u6698,DISRAELI,L396711,u6703,STANLEY,Gladstone's got his party facing the same way for the first time in years. We need help. Where is the old girl?
mrs brown,m446,L396710,L396713,,3,3,u6703,STANLEY,L396712,u6698,DISRAELI,Who?
mrs brown,m446,L396710,L396714,,4,4,u6698,DISRAELI,L396713,u6703,STANLEY,Mrs Brown.
mrs brown,m446,L396710,L396715,,5,5,u6703,STANLEY,L396714,u6698,DISRAELI,It's questionable whether there's any advantage to be had from that direction. She's never been less popular.
mrs brown,m446,L396710,L396716,,6,6,u6698,DISRAELI,L396715,u6703,STANLEY,"In the press, perhaps. But she's sold more copies of her Highland Journal in three months than Punch will ever sell in a year. Time to wheel her out."
mrs brown,m446,L396710,L396717,,7,7,u6703,STANLEY,L396716,u6698,DISRAELI,She's refusing to leave Balmoral.
mrs brown,m446,L396710,L396718,,8,8,u6698,DISRAELI,L396717,u6703,STANLEY,What's her excuse this time?
mrs brown,m446,L396710,L396719,,9,9,u6703,STANLEY,L396718,u6698,DISRAELI,"The Princess Louisa is too ill to move. Frankly, the Queen's rather upset at the recent spate of bad publicity. You're smiling."
mrs brown,m446,L396710,L396720,,10,10,u6698,DISRAELI,L396719,u6703,STANLEY,"I was trying to imagine ""rather upset."""
mrs brown,m446,L396721,L396721,,0,0,u6697,DEAN WELLSELLY,,,,"Forgive me, gentlemen. I'm late."
mrs brown,m446,L396721,L396722,,1,1,u6698,DISRAELI,L396721,u6697,DEAN WELLSELLY,"Not at all, Dean. Good of you to spare the time."
mrs brown,m446,L396721,L396723,,2,2,u6697,DEAN WELLSELLY,L396722,u6698,DISRAELI,I came as quickly as I could.
mrs brown,m446,L396721,L396724,,3,3,u6698,DISRAELI,L396723,u6697,DEAN WELLSELLY,"You've seen the latest cartoon in Punch, I take it?"
mrs brown,m446,L396721,L396725,,4,4,u6697,DEAN WELLSELLY,L396724,u6698,DISRAELI,I beg your pardon?
mrs brown,m446,L396732,L396732,,0,0,u6697,DEAN WELLSELLY,,,,What can we do?
mrs brown,m446,L396732,L396733,,1,1,u6698,DISRAELI,L396732,u6697,DEAN WELLSELLY,"Oh, several things."
mrs brown,m446,L396734,L396734,,0,0,u6704,VICTORIA,,,,Read it.
mrs brown,m446,L396734,L396735,,1,1,u6701,PONSONBY,L396734,u6704,VICTORIA,Again?
mrs brown,m446,L396734,L396736,,2,2,u6704,VICTORIA,L396735,u6701,PONSONBY,Read it!
mrs brown,m446,L396738,L396738,,0,0,u6704,VICTORIA,,,,Who told them that?
mrs brown,m446,L396738,L396739,,1,1,u6701,PONSONBY,L396738,u6704,VICTORIA,I have no idea.
mrs brown,m446,L396738,L396740,,2,2,u6704,VICTORIA,L396739,u6701,PONSONBY,Why not?
mrs brown,m446,L396738,L396741,,3,3,u6701,PONSONBY,L396740,u6704,VICTORIA,"I -- forgive me, ma'am, I am no wiser than yourself."
mrs brown,m446,L396742,L396742,,0,0,u6704,VICTORIA,,,,"No-one should think themselves wiser than me! It is not for any of the Queen's subjects to presume to tell Her Majesty when and where She should come out of mourning. It is the Queen's sorrow that keeps her secluded! It is Her overwhelming amount of work and responsibility, work which She feels will soon wear her out entirely!"
mrs brown,m446,L396742,L396743,,1,1,u6701,PONSONBY,L396742,u6704,VICTORIA,Your Majesty --
mrs brown,m446,L396742,L396744,,2,2,u6704,VICTORIA,L396743,u6701,PONSONBY,Is it not enough that She is uncheered and unguided that she should also have to suffer these malicious rumors?! I am not a fool. I know there are those in the establishment too afraid to attack me and so they attack my dearest friends. Sometimes -- I feel that Brown is all I have left of Albert. And now they attack Brown too.
mrs brown,m446,L396746,L396746,,0,0,u6694,BERTIE,,,,I wish to see my mother.
mrs brown,m446,L396746,L396747,,1,1,u6696,BROWN,L396746,u6694,BERTIE,She's busy.
mrs brown,m446,L396746,L396748,,2,2,u6694,BERTIE,L396747,u6696,BROWN,Convey her a message.
mrs brown,m446,L396746,L396749,,3,3,u6696,BROWN,L396748,u6694,BERTIE,She's away to Windsor tomorrow. Talk to her there.
mrs brown,m446,L396746,L396750,,4,4,u6694,BERTIE,L396749,u6696,BROWN,Tell her the Prince of Wales wishes to speak with her urgently about matters concerning the press.
mrs brown,m446,L396746,L396751,,5,5,u6696,BROWN,L396750,u6694,BERTIE,Are you deaf as well as stupid?
mrs brown,m446,L396752,L396752,,0,0,u6694,BERTIE,,,,What did you say?
mrs brown,m446,L396752,L396753,,1,1,u6696,BROWN,L396752,u6694,BERTIE,"I said, are you deaf as well as stupid?"
mrs brown,m446,L396752,L396754,,2,2,u6694,BERTIE,L396753,u6696,BROWN,"Do you know who you address, sir?"
mrs brown,m446,L396752,L396755,,3,3,u6696,BROWN,L396754,u6694,BERTIE,Whom you address.
mrs brown,m446,L396752,L396756,,4,4,u6694,BERTIE,L396755,u6696,BROWN,The future King!
mrs brown,m446,L396757,L396757,,0,0,u6696,BROWN,,,,"Well, everyone's entitled to their opinion."
mrs brown,m446,L396757,L396758,,1,1,u6694,BERTIE,L396757,u6696,BROWN,Out of my way!
mrs brown,m446,L396763,L396763,,0,0,u6704,VICTORIA,,,,Must they always follow us?
mrs brown,m446,L396763,L396764,,1,1,u6696,BROWN,L396763,u6704,VICTORIA,I ordered it. It's for your own safety.
mrs brown,m446,L396763,L396765,,2,2,u6704,VICTORIA,L396764,u6696,BROWN,"Dear me, you'll be telling me to watch what I eat next."
mrs brown,m446,L396766,L396766,,0,0,u6704,VICTORIA,,,,"Am I not safe enough with you, John?"
mrs brown,m446,L396766,L396767,,1,1,u6696,BROWN,L396766,u6704,VICTORIA,Aye. But there are Fenians reported on the mainland.
mrs brown,m446,L396766,L396768,,2,2,u6704,VICTORIA,L396767,u6696,BROWN,"The threat from the Irish is greatly exaggerated, I'm sure."
mrs brown,m446,L396766,L396769,,3,3,u6696,BROWN,L396768,u6704,VICTORIA,I'll decide when it's exaggerated.
mrs brown,m446,L396772,L396772,,0,0,u6696,BROWN,,,,"Hey, Barney."
mrs brown,m446,L396772,L396773,,1,1,u6693,BARNEY,L396772,u6696,BROWN,"Mr Brown, sir --"
mrs brown,m446,L396772,L396774,,2,2,u6696,BROWN,L396773,u6693,BARNEY,"It's cold out there tonight, Barney."
mrs brown,m446,L396775,L396775,,0,0,u6696,BROWN,,,,"Yeah, there's a good girl. Have you had a look at this hoof? She was limping badly. I think there might be a stone in it."
mrs brown,m446,L396775,L396776,,1,1,u6693,BARNEY,L396775,u6696,BROWN,"Yeah, yeah, I did."
mrs brown,m446,L396775,L396777,,2,2,u6696,BROWN,L396776,u6693,BARNEY,Good man. And is she all right?
mrs brown,m446,L396775,L396778,,3,3,u6693,BARNEY,L396777,u6696,BROWN,Yeah.
mrs brown,m446,L396775,L396779,,4,4,u6696,BROWN,L396778,u6693,BARNEY,"Good. She's a good girl. Aren't you? Yeah, she's a lovely girl. And you know the Queen's riding tomorrow?"
mrs brown,m446,L396775,L396780,,5,5,u6693,BARNEY,L396779,u6696,BROWN,Yeah.
mrs brown,m446,L396775,L396781,,6,6,u6696,BROWN,L396780,u6693,BARNEY,"Are you all right, Barney?"
mrs brown,m446,L396783,L396783,,0,0,u6704,VICTORIA,,,,Well?
mrs brown,m446,L396783,L396784,,1,1,u6700,LADY ELY,L396783,u6704,VICTORIA,Mr Brown is unable to attend today.
mrs brown,m446,L396783,L396785,,2,2,u6704,VICTORIA,L396784,u6700,LADY ELY,Why?
mrs brown,m446,L396783,L396786,,3,3,u6700,LADY ELY,L396785,u6704,VICTORIA,"I believe he is unwell, ma'am."
mrs brown,m446,L396783,L396787,,4,4,u6704,VICTORIA,L396786,u6700,LADY ELY,Unwell?
mrs brown,m446,L396783,L396788,,5,5,u6700,LADY ELY,L396787,u6704,VICTORIA,I understand he was in a fight.
mrs brown,m446,L396783,L396789,,6,6,u6704,VICTORIA,L396788,u6700,LADY ELY,Has he been hurt?
mrs brown,m446,L396783,L396790,,7,7,u6700,LADY ELY,L396789,u6704,VICTORIA,"I believe not, ma'am. I understand -- he'd had rather too much to drink."
mrs brown,m446,L396792,L396792,,0,0,u6696,BROWN,,,,And she sent no word down?
mrs brown,m446,L396792,L396793,,1,1,u6691,ARCHIE,L396792,u6696,BROWN,They said you were drunk. Why don't you tell her the truth?
mrs brown,m446,L396792,L396794,,2,2,u6696,BROWN,L396793,u6691,ARCHIE,She'll think it's her fault for keeping me.
mrs brown,m446,L396795,L396795,,0,0,u6691,ARCHIE,,,,What are you doing?!
mrs brown,m446,L396795,L396796,,1,1,u6696,BROWN,L396795,u6691,ARCHIE,I'm getting dressed.
mrs brown,m446,L396795,L396797,,2,2,u6691,ARCHIE,L396796,u6696,BROWN,"You've got three broken ribs, man!"
mrs brown,m446,L396795,L396798,,3,3,u6696,BROWN,L396797,u6691,ARCHIE,I've got my duties to attend to.
mrs brown,m446,L396795,L396799,,4,4,u6691,ARCHIE,L396798,u6696,BROWN,Don't be an idiot! You're in no fit state to go anywhere.
mrs brown,m446,L396795,L396800,,5,5,u6696,BROWN,L396799,u6691,ARCHIE,She'll be worried about me.
mrs brown,m446,L396795,L396801,,6,6,u6691,ARCHIE,L396800,u6696,BROWN,She'll get over it.
mrs brown,m446,L396795,L396802,,7,7,u6696,BROWN,L396801,u6691,ARCHIE,"I can't let her down now, Archie."
mrs brown,m446,L396795,L396803,,8,8,u6691,ARCHIE,L396802,u6696,BROWN,"And when was the last time she put herself out for you? Look, John, whatever she says to you now, in the end you're still a servant."
mrs brown,m446,L396795,L396804,,9,9,u6696,BROWN,L396803,u6691,ARCHIE,"Oh, I'm much more than that."
mrs brown,m446,L396795,L396805,,10,10,u6691,ARCHIE,L396804,u6696,BROWN,"Aye, she may say that to you, but the woman can say what she wants."
mrs brown,m446,L396795,L396806,,11,11,u6696,BROWN,L396805,u6691,ARCHIE,You watch your tongue.
mrs brown,m446,L396795,L396807,,12,12,u6691,ARCHIE,L396806,u6696,BROWN,"Come on, man, I'm telling you what you already know."
mrs brown,m446,L396795,L396808,,13,13,u6696,BROWN,L396807,u6691,ARCHIE,You know nothing about her!
mrs brown,m446,L396795,L396809,,14,14,u6691,ARCHIE,L396808,u6696,BROWN,"When are you gonna see it, John? She doesn't give a damn about you."
mrs brown,m446,L396811,L396811,,0,0,u6696,BROWN,,,,"My lips may give a message better of Christmas love than e'en this letter. To my best friend, J.B. from his best friend, V.R. Best friend!"
mrs brown,m446,L396811,L396812,,1,1,u6691,ARCHIE,L396811,u6696,BROWN,Aye.
mrs brown,m446,L396811,L396813,,2,2,u6696,BROWN,L396812,u6691,ARCHIE,She means it.
mrs brown,m446,L396814,L396814,,0,0,u6691,ARCHIE,,,,"She'll drop you. When she's done with you, she'll drop you."
mrs brown,m446,L396814,L396815,,1,1,u6696,BROWN,L396814,u6691,ARCHIE,Get out. Out!
mrs brown,m446,L396819,L396819,,0,0,u6701,PONSONBY,,,,There is one other matter.
mrs brown,m446,L396819,L396820,,1,1,u6704,VICTORIA,L396819,u6701,PONSONBY,What is it?
mrs brown,m446,L396819,L396821,,2,2,u6701,PONSONBY,L396820,u6704,VICTORIA,"I have a letter, ma'am."
mrs brown,m446,L396819,L396822,,3,3,u6704,VICTORIA,L396821,u6701,PONSONBY,From whom?
mrs brown,m446,L396819,L396823,,4,4,u6701,PONSONBY,L396822,u6704,VICTORIA,From Princess Helena and other members of your family.
mrs brown,m446,L396819,L396824,,5,5,u6704,VICTORIA,L396823,u6701,PONSONBY,My family is quite capable of communicating with the Queen in person.
mrs brown,m446,L396825,L396825,,0,0,u6704,VICTORIA,,,,What do they want?
mrs brown,m446,L396825,L396826,,1,1,u6701,PONSONBY,L396825,u6704,VICTORIA,They are demanding the dismissal of John Brown on grounds of drunkeness.
mrs brown,m446,L396831,L396831,,0,0,u6701,PONSONBY,,,,Ma'am?
mrs brown,m446,L396831,L396832,,1,1,u6704,VICTORIA,L396831,u6701,PONSONBY,"Please tell the Princess, and other signatories to this letter, that the Queen will not be dictated to, or made to alter, in any way, what she has found to answer for her comfort. Do I make myself clear?"
mrs brown,m446,L396831,L396833,,2,2,u6701,PONSONBY,L396832,u6704,VICTORIA,Ma'am.
mrs brown,m446,L396836,L396836,,0,0,u6704,VICTORIA,,,,John?
mrs brown,m446,L396836,L396837,,1,1,u6696,BROWN,L396836,u6704,VICTORIA,"Yes, ma'am?"
mrs brown,m446,L396836,L396838,,2,2,u6704,VICTORIA,L396837,u6696,BROWN,I was told you were in a fight.
mrs brown,m446,L396836,L396839,,3,3,u6696,BROWN,L396838,u6704,VICTORIA,"Yes, ma'am."
mrs brown,m446,L396836,L396840,,4,4,u6704,VICTORIA,L396839,u6696,BROWN,Has someone seen to those bruises?
mrs brown,m446,L396836,L396841,,5,5,u6696,BROWN,L396840,u6704,VICTORIA,"Yes, ma'am."
mrs brown,m446,L396842,L396842,,0,0,u6696,BROWN,,,,Ma'am?
mrs brown,m446,L396842,L396843,,1,1,u6704,VICTORIA,L396842,u6696,BROWN,Yes?
mrs brown,m446,L396842,L396844,,2,2,u6696,BROWN,L396843,u6704,VICTORIA,"Having considered my position here at court, I have come to the conclusion that it is in the best interest of Your Majesty that I should resign."
mrs brown,m446,L396842,L396845,,3,3,u6704,VICTORIA,L396844,u6696,BROWN,I do not accept.
mrs brown,m446,L396846,L396846,,0,0,u6696,BROWN,,,,I had foreseen that you would not. But Your Majesty should understand -- that my mind will not be changed in this. I leave for Deeside --
mrs brown,m446,L396846,L396847,,1,1,u6704,VICTORIA,L396846,u6696,BROWN,"The Queen forbids it. I cannot allow it because I cannot live without you. Without you, I cannot find the strength to be who I must be. Please."
mrs brown,m446,L396853,L396853,,0,0,u6698,DISRAELI,,,,"Your Majesty remains at the very epicenter of governance. As for your people, look no further than the sales of your Highland Journals to see in what affection the nation holds their Queen. You sell even more copies than Mr Dickens."
mrs brown,m446,L396853,L396854,,1,1,u6704,VICTORIA,L396853,u6698,DISRAELI,"But I lack your prose, Mr Disraeli."
mrs brown,m446,L396856,L396856,,0,0,u6704,VICTORIA,,,,Then they may read about me.
mrs brown,m446,L396856,L396857,,1,1,u6698,DISRAELI,L396856,u6704,VICTORIA,"Indeed, and for that they are eternally grateful."
mrs brown,m446,L396856,L396858,,2,2,u6704,VICTORIA,L396857,u6698,DISRAELI,Is that not enough?
mrs brown,m446,L396856,L396859,,3,3,u6698,DISRAELI,L396858,u6704,VICTORIA,In so many ways ... and yet it is your presence they crave. A figurehead.
mrs brown,m446,L396860,L396860,,0,0,u6704,VICTORIA,,,,"I never thought to be bullied by you, Mr Disraeli. You, I thought, understood a widow's grief."
mrs brown,m446,L396860,L396861,,1,1,u6698,DISRAELI,L396860,u6704,VICTORIA,"Forgive me, ma'am, I cannot speak for the nation, only for myself. As Prime Minister I confess I miss your presence, but that is only an expression of my own selfish desires and I should not burden you with it."
mrs brown,m446,L396862,L396862,,0,0,u6704,VICTORIA,,,,I stay here because I am happy. Is that such a terrible crime?
mrs brown,m446,L396862,L396863,,1,1,u6698,DISRAELI,L396862,u6704,VICTORIA,"No, ma'am."
mrs brown,m446,L396865,L396865,,0,0,u6704,VICTORIA,,,,This is my good John Brown.
mrs brown,m446,L396865,L396866,,1,1,u6698,DISRAELI,L396865,u6704,VICTORIA,Yes.
mrs brown,m446,L396865,L396867,,2,2,u6704,VICTORIA,L396866,u6698,DISRAELI,I have asked him to show you a little of Highland life while you are with us at Balmoral.
mrs brown,m446,L396868,L396868,,0,0,u6696,BROWN,,,,What brings you here?
mrs brown,m446,L396868,L396869,,1,1,u6698,DISRAELI,L396868,u6696,BROWN,A man can refuse only so many invitations from his Queen. It was remiss of me not to come earlier.
mrs brown,m446,L396870,L396870,,0,0,u6696,BROWN,,,,What do you know about the Highlands?
mrs brown,m446,L396870,L396871,,1,1,u6698,DISRAELI,L396870,u6696,BROWN,I am a blank sheet.
mrs brown,m446,L396870,L396872,,2,2,u6696,BROWN,L396871,u6698,DISRAELI,Do you hunt?
mrs brown,m446,L396870,L396873,,3,3,u6698,DISRAELI,L396872,u6696,BROWN,Occasionally.
mrs brown,m446,L396870,L396874,,4,4,u6696,BROWN,L396873,u6698,DISRAELI,Dare say you can be taught.
mrs brown,m446,L396870,L396875,,5,5,u6698,DISRAELI,L396874,u6696,BROWN,"To shoot perhaps, but not to kill."
mrs brown,m446,L396870,L396876,,6,6,u6696,BROWN,L396875,u6698,DISRAELI,"If you hunt, you kill."
mrs brown,m446,L396878,L396878,,0,0,u6696,BROWN,,,,"Always remember, you keep it tight to your shoulder, you absorb the kick. Aim for the head. Then imagine it's Gladstone."
mrs brown,m446,L396878,L396879,,1,1,u6698,DISRAELI,L396878,u6696,BROWN,Quite.
mrs brown,m446,L396883,L396883,,0,0,u6692,ASSISTANT DRESSER,,,,"Checked and locked, sir."
mrs brown,m446,L396883,L396884,,1,1,u6696,BROWN,L396883,u6692,ASSISTANT DRESSER,"Louder, girl!"
mrs brown,m446,L396883,L396885,,2,2,u6692,ASSISTANT DRESSER,L396884,u6696,BROWN,"Checked and locked, sir."
mrs brown,m446,L396883,L396886,,3,3,u6696,BROWN,L396885,u6692,ASSISTANT DRESSER,Kitchen and lower house.
mrs brown,m446,L396887,L396887,,0,0,u6695,BERTIE'S VALET,,,,"Checked and locked, sir."
mrs brown,m446,L396887,L396888,,1,1,u6696,BROWN,L396887,u6695,BERTIE'S VALET,Back and upper corridors.
mrs brown,m446,L396895,L396895,,0,0,u6691,ARCHIE,,,,What's this?
mrs brown,m446,L396895,L396896,,1,1,u6696,BROWN,L396895,u6691,ARCHIE,It's a diary.
mrs brown,m446,L396895,L396897,,2,2,u6691,ARCHIE,L396896,u6696,BROWN,Be careful who sees it.
mrs brown,m446,L396895,L396898,,3,3,u6696,BROWN,L396897,u6691,ARCHIE,What do you take me for?
mrs brown,m446,L396899,L396899,,0,0,u6691,ARCHIE,,,,You should have someone look after you.
mrs brown,m446,L396899,L396900,,1,1,u6696,BROWN,L396899,u6691,ARCHIE,I'm all right. I just need to rest up a wee bit. The room ... You don't have to stay.
mrs brown,m446,L396901,L396901,,0,0,u6691,ARCHIE,,,,The place is a mess.
mrs brown,m446,L396901,L396902,,1,1,u6696,BROWN,L396901,u6691,ARCHIE,I can't move to tidy.
mrs brown,m446,L396901,L396903,,2,2,u6691,ARCHIE,L396902,u6696,BROWN,It's what the maids are for.
mrs brown,m446,L396901,L396904,,3,3,u6696,BROWN,L396903,u6691,ARCHIE,I'm not having some prattler going through my things.
mrs brown,m446,L396905,L396905,,0,0,u6691,ARCHIE,,,,"Won't you give yourself a rest, John? She's other people to look out for her."
mrs brown,m446,L396905,L396906,,1,1,u6696,BROWN,L396905,u6691,ARCHIE,"She needs me, Archie. She canna do without me, she said it to my face. How can I stop now?"
mrs brown,m446,L396907,L396907,,0,0,u6696,BROWN,,,,You sent for me.
mrs brown,m446,L396907,L396908,,1,1,u6698,DISRAELI,L396907,u6696,BROWN,I've been called back to London. My last day. I thought I might take a walk on Lochnagar.
mrs brown,m446,L396909,L396909,,0,0,u6698,DISRAELI,,,,"Princes and Lords are but the breath of kings, An honest man's the noblest work of God. You must miss such magnificent views."
mrs brown,m446,L396909,L396910,,1,1,u6696,BROWN,L396909,u6698,DISRAELI,I don't think about it.
mrs brown,m446,L396911,L396911,,0,0,u6698,DISRAELI,,,,"Forgive me, I've called you out and you should have been resting."
mrs brown,m446,L396911,L396912,,1,1,u6696,BROWN,L396911,u6698,DISRAELI,I'm fine.
mrs brown,m446,L396911,L396913,,2,2,u6698,DISRAELI,L396912,u6696,BROWN,You're injured.
mrs brown,m446,L396911,L396914,,3,3,u6696,BROWN,L396913,u6698,DISRAELI,It's nothing.
mrs brown,m446,L396911,L396915,,4,4,u6698,DISRAELI,L396914,u6696,BROWN,"Still, someone must attend you. Your wife should not have let you out."
mrs brown,m446,L396911,L396916,,5,5,u6696,BROWN,L396915,u6698,DISRAELI,I'm not married.
mrs brown,m446,L396911,L396917,,6,6,u6698,DISRAELI,L396916,u6696,BROWN,Oh.
mrs brown,m446,L396911,L396918,,7,7,u6696,BROWN,L396917,u6698,DISRAELI,This is the top.
mrs brown,m446,L396920,L396920,,0,0,u6698,DISRAELI,,,,The look on their faces when one walks into the room. Still gives one a ridiculous thrill.
mrs brown,m446,L396920,L396921,,1,1,u6696,BROWN,L396920,u6698,DISRAELI,I wouldn't know.
mrs brown,m446,L396920,L396922,,2,2,u6698,DISRAELI,L396921,u6696,BROWN,Surely --
mrs brown,m446,L396920,L396923,,3,3,u6696,BROWN,L396922,u6698,DISRAELI,"What I do, I do for my Queen."
mrs brown,m446,L396920,L396924,,4,4,u6698,DISRAELI,L396923,u6696,BROWN,Was there never ambition?
mrs brown,m446,L396920,L396925,,5,5,u6696,BROWN,L396924,u6698,DISRAELI,"Maybe, once."
mrs brown,m446,L396920,L396926,,6,6,u6698,DISRAELI,L396925,u6696,BROWN,Then I envy yo.
mrs brown,m446,L396920,L396927,,7,7,u6696,BROWN,L396926,u6698,DISRAELI,Why?
mrs brown,m446,L396920,L396928,,8,8,u6698,DISRAELI,L396927,u6696,BROWN,"To have achieved one's ambition, or to have reconciled oneself to its limits, is a lifetime's work."
mrs brown,m446,L396920,L396929,,9,9,u6696,BROWN,L396928,u6698,DISRAELI,I do what I do.
mrs brown,m446,L396920,L396930,,10,10,u6698,DISRAELI,L396929,u6696,BROWN,For Her Majesty.
mrs brown,m446,L396920,L396931,,11,11,u6696,BROWN,L396930,u6698,DISRAELI,Aye.
mrs brown,m446,L396920,L396932,,12,12,u6698,DISRAELI,L396931,u6696,BROWN,But yourself? What about John Brown?
mrs brown,m446,L396920,L396933,,13,13,u6696,BROWN,L396932,u6698,DISRAELI,I said. I serve the Queen.
mrs brown,m446,L396920,L396934,,14,14,u6698,DISRAELI,L396933,u6696,BROWN,No other aspiration?
mrs brown,m446,L396936,L396936,,0,0,u6698,DISRAELI,,,,You will not be unaware of the threat now posed by Republicanism.
mrs brown,m446,L396936,L396937,,1,1,u6696,BROWN,L396936,u6698,DISRAELI,Why do you think I keep her here?
mrs brown,m446,L396936,L396938,,2,2,u6698,DISRAELI,L396937,u6696,BROWN,"Ah, but therein lies the paradox. It is her very isolation that encourages the malcontents. The longer she is away, the stronger they become; and who, honestly, can promise security against that? However many doors you lock, someone will always get in. Even here."
mrs brown,m446,L396939,L396939,,0,0,u6696,BROWN,,,,So...?
mrs brown,m446,L396939,L396940,,1,1,u6698,DISRAELI,L396939,u6696,BROWN,"The truth is, the Queen would be safer doing her duty and returning south to her public. John Bull loves her and John Bull is her best defense."
mrs brown,m446,L396939,L396941,,2,2,u6696,BROWN,L396940,u6698,DISRAELI,Her mind is set. She won't change now.
mrs brown,m446,L396939,L396942,,3,3,u6698,DISRAELI,L396941,u6696,BROWN,"She trusts you, John."
mrs brown,m446,L396943,L396943,,0,0,u6696,BROWN,,,,They don't see it.
mrs brown,m446,L396943,L396944,,1,1,u6698,DISRAELI,L396943,u6696,BROWN,See what?
mrs brown,m446,L396943,L396945,,2,2,u6696,BROWN,L396944,u6698,DISRAELI,"The threat. I tell them, but they don't see it."
mrs brown,m446,L396943,L396946,,3,3,u6698,DISRAELI,L396945,u6696,BROWN,They aren't as watchful as you.
mrs brown,m446,L396943,L396947,,4,4,u6696,BROWN,L396946,u6698,DISRAELI,Too busy looking after themselves.
mrs brown,m446,L396943,L396948,,5,5,u6698,DISRAELI,L396947,u6696,BROWN,The greasy pole.
mrs brown,m446,L396943,L396949,,6,6,u6696,BROWN,L396948,u6698,DISRAELI,No loyalty.
mrs brown,m446,L396943,L396950,,7,7,u6698,DISRAELI,L396949,u6696,BROWN,No love.
mrs brown,m446,L396951,L396951,,0,0,u6696,BROWN,,,,I promised to protect her from people like you.
mrs brown,m446,L396951,L396952,,1,1,u6698,DISRAELI,L396951,u6696,BROWN,"For once in my life, I am not the issue."
mrs brown,m446,L396951,L396953,,2,2,u6696,BROWN,L396952,u6698,DISRAELI,She'll never understand it.
mrs brown,m446,L396951,L396954,,3,3,u6698,DISRAELI,L396953,u6696,BROWN,"In time, she will."
mrs brown,m446,L396951,L396955,,4,4,u6696,BROWN,L396954,u6698,DISRAELI,She'll think I betrayed her.
mrs brown,m446,L396951,L396956,,5,5,u6698,DISRAELI,L396955,u6696,BROWN,But others will know that you acted for the greater good.
mrs brown,m446,L396961,L396961,,0,0,u6704,VICTORIA,,,,Duty?! You talk about duty?!
mrs brown,m446,L396961,L396962,,1,1,u6696,BROWN,L396961,u6704,VICTORIA,"If duty and safety are served by the same end then, aye, I do."
mrs brown,m446,L396961,L396963,,2,2,u6704,VICTORIA,L396962,u6696,BROWN,"I cannot believe you are saying this? You, who I have relied on all this time --"
mrs brown,m446,L396961,L396964,,3,3,u6696,BROWN,L396963,u6704,VICTORIA,Have I ever let you down before--?
mrs brown,m446,L396961,L396965,,4,4,u6704,VICTORIA,L396964,u6696,BROWN,-- You stand there and tell me it is my duty ... after all you promised me!
mrs brown,m446,L396961,L396966,,5,5,u6696,BROWN,L396965,u6704,VICTORIA,I'm breaking no promises!
mrs brown,m446,L396961,L396967,,6,6,u6704,VICTORIA,L396966,u6696,BROWN,You are forcing me to do the very thing you know I fear most!
mrs brown,m446,L396961,L396968,,7,7,u6696,BROWN,L396967,u6704,VICTORIA,"For god's sake, woman, I'm just trying to keep you safe!"
mrs brown,m446,L396961,L396969,,8,8,u6704,VICTORIA,L396968,u6696,BROWN,I will not hear any more about my safety!! You made me a promise and now you have broken it!
mrs brown,m446,L396970,L396970,,0,0,u6696,BROWN,,,,"-- When I took you out riding, come rain or shine, because I knew it was right for you, when I kept the bairns off your back so you could have a bit of peace, when I saw you safe from home to home and you didn't even know I was there...! All I've ever thought about is you!"
mrs brown,m446,L396970,L396971,,1,1,u6704,VICTORIA,L396970,u6696,BROWN,Then why send me back to them?!
mrs brown,m446,L396970,L396972,,2,2,u6696,BROWN,L396971,u6704,VICTORIA,Because I have to!
mrs brown,m446,L396976,L396976,,0,0,u6704,VICTORIA,,,,Where is my son?
mrs brown,m446,L396976,L396977,,1,1,u6702,PRINCESS ALEXANDRA,L396976,u6704,VICTORIA,"Prince Albert is at Windsor, ma'am."
mrs brown,m446,L396976,L396978,,2,2,u6704,VICTORIA,L396977,u6702,PRINCESS ALEXANDRA,Why is he not here?
mrs brown,m446,L396976,L396979,,3,3,u6702,PRINCESS ALEXANDRA,L396978,u6704,VICTORIA,"He is sick, ma'am."
mrs brown,m446,L396976,L396980,,4,4,u6704,VICTORIA,L396979,u6702,PRINCESS ALEXANDRA,Then why are you not with him?
mrs brown,m446,L396976,L396981,,5,5,u6702,PRINCESS ALEXANDRA,L396980,u6704,VICTORIA,You ordered all members of the Royal Family to attend you at Balmoral.
mrs brown,m446,L396976,L396982,,6,6,u6704,VICTORIA,L396981,u6702,PRINCESS ALEXANDRA,What is the matter with him?
mrs brown,m446,L396976,L396983,,7,7,u6702,PRINCESS ALEXANDRA,L396982,u6704,VICTORIA,"He has typhoid fever, ma'am."
mrs brown,m446,L396984,L396984,,0,0,u6704,VICTORIA,,,,"No. You are mistaken. Prince Albert, my husband, had typhoid fever. I asked what was wrong with my son."
mrs brown,m446,L396984,L396985,,1,1,u6699,JENNER,L396984,u6704,VICTORIA,"The same, your Majesty."
mrs brown,m446,L396986,L396986,,0,0,u6704,VICTORIA,,,,Why was I not informed?
mrs brown,m446,L396986,L396987,,1,1,u6699,JENNER,L396986,u6704,VICTORIA,"I did not consider it wise, in the circumstances, to tax your nerves."
mrs brown,m446,L396986,L396988,,2,2,u6704,VICTORIA,L396987,u6699,JENNER,How ill is he?
mrs brown,m446,L396995,L396995,,0,0,u6701,PONSONBY,,,,The Queen will be riding to St. George's on the fifth.
mrs brown,m446,L396995,L396996,,1,1,u6696,BROWN,L396995,u6701,PONSONBY,I recommend Her Majesty uses the covered carriage with a full Horse Guard. In the event of any disturbance I will ensure --
mrs brown,m446,L397013,L397013,,0,0,u6704,VICTORIA,,,,How long has he been this sick?
mrs brown,m446,L397013,L397014,,1,1,u6700,LADY ELY,L397013,u6704,VICTORIA,"A few days, ma'am."
mrs brown,m446,L397013,L397015,,2,2,u6704,VICTORIA,L397014,u6700,LADY ELY,Why was I not told earlier?
mrs brown,m446,L397016,L397016,,0,0,u6704,VICTORIA,,,,You should never have gone out in such foul weather.
mrs brown,m446,L397016,L397017,,1,1,u6696,BROWN,L397016,u6704,VICTORIA,Someone has to look after you. It could've been someone. It was before.
mrs brown,m446,L397016,L397018,,2,2,u6704,VICTORIA,L397017,u6696,BROWN,Yes. Yes it was.
mrs brown,m446,L397023,L397023,,0,0,u6699,JENNER,,,,Erysipelas.
mrs brown,m446,L397023,L397024,,1,1,u6701,PONSONBY,L397023,u6699,JENNER,"Not too protracted, I hope."
mrs brown,m446,L397023,L397025,,2,2,u6699,JENNER,L397024,u6701,PONSONBY,"A few days... When he heard, the Prince of Wales threw the bust from the window of the Royal Gallery. It took four hours to gather the fragments."
mrs brown,m446,L397026,L397026,,0,0,u6701,PONSONBY,,,,The Queen wishes to publish an account of him.
mrs brown,m446,L397026,L397027,,1,1,u6699,JENNER,L397026,u6701,PONSONBY,Dear oh dear.
mrs brown,m446,L397026,L397028,,2,2,u6701,PONSONBY,L397027,u6699,JENNER,We think she can be dissuaded. Have you had a glance at the diary?
mrs brown,m446,L397026,L397029,,3,3,u6699,JENNER,L397028,u6701,PONSONBY,Yes.
mrs brown,m446,L397026,L397030,,4,4,u6701,PONSONBY,L397029,u6699,JENNER,Quite. I think I'd best take it back.
mrs brown,m446,L397026,L397031,,5,5,u6699,JENNER,L397030,u6701,PONSONBY,Of course.
mrs brown,m446,L397032,L397032,,0,0,u6699,JENNER,,,,Where did you find it by the way?
mrs brown,m446,L397032,L397033,,1,1,u6701,PONSONBY,L397032,u6699,JENNER,Some young page was boasting about having seen it. Lucky.
mrs brown,m446,L397034,L397034,,0,0,u6699,JENNER,,,,"Well, no rest for the wicked, Henry."
mrs brown,m446,L397034,L397035,,1,1,u6701,PONSONBY,L397034,u6699,JENNER,"No, indeed."
